1,Назарово,Красноярский край,49 748,49 825,49 991,50 397,50 652,51 069,51 437,51 759,52 154,52 800,52 817
2,Узловая,Тульская область,49 655,50 508,51 358,51 922,52 377,52 825,53 316,53 949,54 511,55 300,55 282
3,Кизляр,Дагестан,49 412,49 247,48 907,48 396,48 237,48 102,48 078,48 037,48 579,49 000,48 984
4,Лесной,Свердловская область,49 256,49 054,49 056,49 149,49 111,49 338,49 408,49 684,50 136,50 400,50 363
5,Котельники,Московская область,49 023,46 763,44 869,44 353,43 128,41 308,39 443,37 105,35 081,32 300,32 338
6,Боровичи,Новгородская область,49 012,49 071,50 144,50 896,51 555,52 212,52 687,53 141,53 383,53 700,53 690
7,Можга,Удмуртия,48 986,49 093,49 328,49 617,49 733,49 777,49 841,49 284,48 764,48 000,47 961
8,Рославль,Смоленская область,48 909,49 405,50 112,50 870,51 466,51 775,52 070,53 025,53 909,54 900,53 700
9,Бугуруслан,Оренбургская область,48 546,48 669,49 245,49 585,49 845,49 870,49 971,49 942,49 630,49 700,49 741
10,Балахна,Нижегородская область,48 520,48 710,49 126,49 364,49 626,49 867,50 107,50 422,50 771,51 376,51 519
11,Шелехов,Иркутская область,48 423,48 460,48 098,47 608,47 378,47 120,46 775,47 974,47 911,47 961,47 943
12,Курганинск,Краснодарский край,48 194,48 439,48 689,48 964,49 006,49 037,48 534,48 359,48 189,48 000,47 970
13,Кашира,Московская область,47 392,48 016,48 656,49 247,49 638,39 929,40 213,40 824,41 451,41 900,41 870
14,Ливны,Орловская область,47 165,47 179,47 221,47 489,47 924,48 327,48 996,49 342,49 873,50 300,50 343
15,Отрадный,Самарская область,47 067,47 083,47 180,47 542,47 470,47 593,47 569,47 603,47 769,48 289,48 356
16,Донецк,Ростовская область,46 732,46 899,47 770,48 428,48 699,48 979,49 170,49 504,49 772,49 996,50 098
17,Грязи,Липецкая область,46 683,46 608,46 492,46 586,46 503,46 289,46 166,46 441,46 671,46 817,46 807
18,Мегион,Ханты-Мансийский АО,46 643,47 332,47 720,48 283,48 818,49 063,48 949,48 539,48 763,49 400,49 449
19,Бирск,Башкортостан,46 512,46 362,46 379,46 330,46 132,45 553,44 679,43 765,42 928,41 600,41 635
20,Аксай,Ростовская область,46 018,45 158,45 078,44 828,44 279,43 558,43 166,42 747,42 481,42 000,41 969
21,Саяногорск,Хакасия,45 951,46 709,47 358,47 983,48 299,48 740,48 851,48 942,49 145,49 900,49 887
22,Заринск,Алтайский край,45 886,46 254,46 597,46 830,47 035,47 274,47 586,47 771,48 049,48 461,48 461
23,Берёзовский,Кемеровская область,45 598,45 801,46 215,46 859,47 140,47 352,47 250,47 233,47 330,47 367,47 279
24,Вышний Волочёк,Тверская область,45 481,46 211,46 908,47 732,48 177,48 844,49 391,50 341,51 259,52 226,52 370
25,Кингисепп,Ленинградская область,45 216,45 858,46 747,47 312,47 705,47 969,48 128,48 260,48 640,48 500,48 488
26,Надым,Ямало-Ненецкий АО,44 830,44 705,44 594,44 660,44 940,45 766,45 792,46 765,47 360,46 696,46 611
27,Канаш,Чувашия,44 795,45 222,45 482,45 501,45 716,45 734,45 819,45 759,45 655,45 600,45 607
28,Лангепас,Ханты-Мансийский АО,44 646,44 582,44 108,43 534,43 377,42 956,42 801,42 683,42 447,41 772,41 670
29,Торжок,Тверская область,44 439,45 371,45 641,46 031,46 312,46 690,46 950,47 260,47 326,47 739,47 644
30,Рузаевка,Мордовия,44 291,44 504,45 248,45 988,46 064,46 213,46 437,46 787,47 060,47 500,47 523
31,Волхов,Ленинградская область,44 256,44 487,44 868,45 195,45 585,46 076,46 589,46 827,46 891,47 064,47 182
32,Чусовой,Пермский край,43 737,44 185,44 779,45 291,45 546,45 719,45 878,46 037,46 341,46 700,46 735
33,Радужный,Ханты-Мансийский АО,43 666,43 726,43 485,43 157,42 963,42 911,43 177,43 580,43 565,43 680,43 399
34,Куйбышев,Новосибирская область,43 536,43 796,44 170,44 246,44 616,44 627,44 511,44 606,44 843,45 300,45 299
35,Кимры,Тверская область,43 216,44 125,44 743,45 504,46 101,46 771,47 235,47 625,48 562,49 388,49 628
36,Краснознаменск,Московская область,43 191,42 472,41 769,41 287,40 433,39 273,38 445,38 262,37 186,36 300,36 103
37,Карабулак,Ингушетия,42 724,41 469,40 308,39 614,38 973,38 422,37 883,36 494,34 222,31 219,30 961
38,Рассказово,Тамбовская область,42 679,42 767,43 330,43 758,44 180,44 760,44 928,44 996,45 138,45 500,45 484
39,Ярцево,Смоленская область,42 677,43 280,44 097,44 740,45 559,46 219,46 266,46 970,47 518,47 800,48 800
40,Кореновск,Краснодарский край,42 418,42 174,42 019,41 823,41 876,41 828,41 330,41 043,41 004,41 200,41 166
41,Моздок,Северная Осетия,42 039,42 155,41 728,41 409,40 564,40 042,39 432,39 232,39 089,38 698,38 768
42,Кольчугино,Владимирская область,41 953,42 708,43 089,43 543,43 784,44 125,44 405,44 786,45 225,45 653,45 776
43,Осинники,Кемеровская область,41 673,41 887,42 454,43 008,43 445,43 901,44 229,44 771,44 983,45 799,46 001
44,Темрюк,Краснодарский край,41 413,41 133,40 755,40 108,39 646,39 164,38 780,38 386,38 284,38 000,38 046
45,Чебаркуль,Челябинская область,41 310,40 932,40 378,39 914,40 612,40 739,40 892,41 539,42 114,42 764,42 844
46,Сатка,Челябинская область,41 309,41 339,41 798,42 214,42 437,42 688,43 229,43 934,44 443,45 043,45 178
47,Верхняя Салда,Свердловская область,41 228,41 484,42 166,42 733,43 258,43 887,44 404,44 936,45 605,46 200,46 221
48,Лянтор,Ханты-Мансийский АО,41 199,40 867,40 317,39 841,40 024,40 135,40 000,39 866,39 455,,38 992
49,Мончегорск,Мурманская область,41 145,41 482,42 099,42 581,42 893,43 213,43 470,44 007,44 643,45 253,45 361
50,Сафоново,Смоленская область,41 138,41 510,42 147,42 707,43 145,43 477,43 845,44 444,45 273,46 100,43 500
51,Кудрово,Ленинградская область,41 102,31 577,,13 501,,,,,,,137
52,Сосновоборск,Красноярский край,41 080,40 614,40 128,39 375,38 415,37 093,35 532,34 499,33 805,33 100,33 091
53,Шебекино,Белгородская область,40 870,41 336,41 934,42 465,42 903,43 331,43 585,43 786,44 012,44 300,44 279
54,Стрежевой,Томская область,40 830,41 230,41 475,41 733,41 956,41 743,41 553,41 688,41 899,42 200,42 219
55,Мыски,Кемеровская область,40 787,40 991,41 379,41 628,41 938,42 309,42 598,42 697,43 038,43 072,43 038
56,Усть-Кут,Иркутская область,40 783,41 149,41 689,42 272,42 498,42 971,43 552,44 301,44 805,45 290,45 375
57,Пугачёв,Саратовская область,40 656,40 927,40 895,41 056,41 286,41 356,41 375,41 355,41 574,41 706,41 707
58,Урай,Ханты-Мансийский АО,40 537,40 292,40 477,40 559,40 477,40 361,39 893,39 579,39 456,39 507,39 457
59,Камень-на-Оби,Алтайский край,40 480,40 647,40 795,41 315,41 787,41 897,42 174,42 813,43 223,43 854,43 888
60,Горячий Ключ,Краснодарский край,40 299,38 972,37 475,36 807,35 805,34 585,33 459,32 404,31 290,30 100,30 126
61,Ялуторовск,Тюменская область,40 273,39 919,39 967,39 837,39 399,38 838,38 327,37 488,37 024,36 565,36 493
62,Тутаев,Ярославская область,39 837,39 883,40 154,40 441,40 404,40 296,40 380,40 563,40 770,41 027,41 005
63,Спасск-Дальний,Приморский край,39 765,40 200,40 717,41 127,41 539,42 020,42 491,43 305,43 605,44 200,44 173
64,Тулун,Иркутская область,39 671,41 279,41 640,41 671,41 987,42 029,42 336,42 961,43 865,44 497,44 611
65,Заинск,Татарстан,39 631,39 938,40 366,40 635,40 878,41 046,41 242,41 303,41 590,41 793,41 803
66,Пыть-Ях,Ханты-Мансийский АО,39 570,39 891,40 294,40 798,40 910,41 005,41 000,40 818,41 125,41 533,41 488
67,Новозыбков,Брянская область,39 510,39 725,40 107,40 476,40 632,40 765,40 773,40 499,40 637,40 579,40 553
68,Апшеронск,Краснодарский край,39 488,39 762,40 016,40 239,40 349,40 244,40 199,40 266,40 287,40 200,40 225
69,Усть-Лабинск,Краснодарский край,39 456,40 180,40 687,41 348,41 729,42 062,42 355,42 842,43 083,43 300,43 270
70,Елизово,Камчатский край,39 345,39 198,39 216,38 771,38 824,38 637,38 643,38 887,38 903,39 600,39 569
71,Белая Калитва,Ростовская область,39 293,39 753,40 275,40 831,41 220,41 734,42 185,42 441,42 923,43 700,43 651
72,Аргун,Чечня,39 275,38 169,37 373,36 486,35 738,34 078,33 207,32 058,30 647,29 500,29 525
73,Большой Камень,Приморский край,39 096,37 918,38 042,38 493,38 718,38 637,39 126,39 447,39 469,,39 257
74,Абинск,Краснодарский край,39 058,38 547,38 176,37 749,37 415,36 986,36 607,35 921,35 449,34 900,34 928
75,Советск,Калининградская область,38 963,39 150,39 752,40 486,40 984,41 212,41 630,41 802,41 941,41 700,41 705
76,Амурск,Хабаровский край,38 913,39 046,39 431,40 106,40 561,40 803,41 074,41 688,42 117,42 936,42 970
77,Саянск,Иркутская область,38 820,38 674,38 968,38 897,38 957,38 887,39 198,39 453,39 895,40 629,40 800
78,Малгобек,Ингушетия,38 649,38 200,37 442,36 870,36 114,35 462,34 385,33 426,32 515,31 241,31 018
79,Баксан,Кабардино-Балкария,38 474,38 361,38 192,38 053,37 782,37 527,37 373,37 163,36 907,36 900,36 860
80,Ртищево,Саратовская область,38 364,38 663,39 005,39 390,39 612,40 043,40 248,40 649,40 961,41 256,41 289
81,Печора,Коми,38 229,38 784,39 400,40 048,40 653,40 910,41 189,41 716,42 296,43 100,43 105
82,Курчатов,Курская область,38 125,38 240,38 344,38 776,38 917,39 395,40 022,40 973,41 812,42 700,42 706
83,Качканар,Свердловская область,38 092,38 441,38 996,39 338,39 737,40 036,40 260,40 606,40 998,41 400,41 426
84,Джанкой,Крым[комм. 1],38 007,38 438,38 669,38 714,38 934,38 676,38 622,36 086,36 458,36 860,37 275
85,Югорск,Ханты-Мансийский АО,37 966,37 422,37 411,37 150,36 734,36 327,35 833,35 294,34 969,34 161,34 067
86,Моршанск,Тамбовская область,37 955,38 230,38 943,39 362,39 842,39 583,40 029,40 412,40 869,41 600,41 556
87,Переславль-Залесский,Ярославская область,37 943,38 255,38 649,39 105,39 464,40 028,40 283,40 930,41 341,41 800,41 925
88,Мариинск,Кемеровская область,37 912,38 209,38 637,39 091,39 332,39 619,39 850,40 092,40 287,40 511,40 526
89,Учалы,Башкортостан,37 898,37 710,37 933,37 715,37 516,37 480,37 681,37 762,37 829,37 800,37 788
90,Изобильный,Ставропольский край,37 841,37 868,38 100,38 263,38 409,38 551,39 022,39 387,40 029,40 527,40 555
91,Алексеевка,Белгородская область,37 811,38 179,38 329,38 447,38 566,38 626,38 876,38 979,38 949,39 000,39 026
92,Кизилюрт,Дагестан,37 752,37 588,37 171,36 570,35 762,34 939,34 162,33 723,33 377,,32 988
93,Красноуфимск,Свердловская область,37 735,38 088,38 395,38 731,38 988,39 252,39 306,39 353,39 551,39 800,39 765
94,Новодвинск,Архангельская область,37 699,38 082,38 434,38 735,38 906,39 222,39 613,39 937,40 288,40 574,40 615
95,Красный Сулин,Ростовская область,37 627,37 787,38 284,38 567,38 948,39 212,39 497,39 859,40 358,40 900,40 866
96,Заволжье,Нижегородская область,37 588,37 758,38 230,38 527,38 906,39 236,39 344,39 536,40 021,40 377,40 460
97,Южноуральск,Челябинская область,37 561,37 541,37 728,37 801,37 716,37 666,37 565,37 676,37 798,37 902,37 877
98,Беслан,Северная Осетия,37 371,37 196,37 029,37 025,37 034,37 063,36 991,37 037,36 864,36 729,36 728
99,Людиново,Калужская область,37 252,37 734,38 267,38 846,38 993,39 239,39 515,39 819,40 137,40 480,40 530
100,Усинск,Коми,37 155,38 038,38 376,38 800,39 025,39 431,39 831,40 021,40 518,,40 827
101,Алапаевск,Свердловская область,37 131,37 219,37 526,37 653,37 739,37 857,37 894,37 952,38 065,38 200,38 192
102,Реж,Свердловская область,36 825,36 843,37 152,37 420,37 553,37 706,37 643,37 662,37 949,38 200,38 215
103,Шарыпово,Красноярский край,36 741,36 789,37 136,37 169,37 258,37 230,37 411,37 842,37 988,38 600,38 561
104,Урюпинск,Волгоградская область,36 704,37 109,37 620,38 267,38 758,39 171,39 548,40 142,40 825,41 600,41 590
105,Мценск,Орловская область,36 627,37 136,37 725,38 350,38 725,39 181,39 783,40 704,41 884,43 200,43 222
106,Партизанск,Приморский край,36 586,36 992,37 059,37 291,37 470,37 689,37 778,38 218,38 356,38 700,38 659
107,Ирбит,Свердловская область,36 528,36 668,37 280,37 443,37 444,37 681,37 859,37 857,38 025,38 400,38 357
108,Ахтубинск,Астраханская область,36 517,36 955,37 560,37 883,38 160,38 507,38 906,39 386,40 633,41 900,41 853
109,Конаково,Тверская область,36 460,37 545,38 486,39 345,39 889,40 617,41 434,41 205,41 310,41 300,41 291
110,Сокол,Вологодская область,36 433,36 668,36 924,37 191,37 391,37 562,37 723,37 898,38 062,38 500,37 233
111,Тосно,Ленинградская область,36 296,36 791,37 509,37 875,38 289,39 077,39 320,39 209,38 857,39 100,39 101
112,Кыштым,Челябинская область,36 243,36 414,36 997,37 480,37 809,38 008,38 463,38 604,38 732,38 906,38 942
113,Фролово,Волгоградская область,36 235,36 513,36 951,37 377,37 757,38 129,38 585,38 836,39 129,39 400,39 449
114,Кинель,Самарская область,35 753,35 715,35 675,35 321,34 940,34 690,34 251,33 988,34 231,34 500,34 491
115,Коряжма,Архангельская область,35 714,36 224,36 742,37 092,37 256,37 587,38 006,38 570,39 117,39 572,39 641
116,Черняховск,Калининградская область,35 398,35 432,35 888,36 423,37 037,37 521,37 948,38 571,39 597,40 400,40 449
117,Мирный,Якутия,35 390,35 381,35 223,35 376,32 245,32 066,31 370,30 631,30 666,30 135,30 280
118,Протвино,Московская область,35 367,35 807,36 400,36 823,36 910,37 261,37 381,37 492,37 504,,37 308
119,Светлоград,Ставропольский край,35 356,35 745,36 358,36 935,37 515,37 819,38 099,38 323,38 559,38 496,38 520
120,Новокубанск,Краснодарский край,35 199,35 173,35 287,35 437,35 440,35 251,35 042,34 968,34 854,34 900,34 880
121,Лесозаводск,Приморский край,35 097,35 310,35 506,35 816,36 027,36 317,36 619,36 892,36 843,37 000,37 034
122,Благовещенск,Башкортостан,34 771,34 967,35 008,34 955,35 037,35 013,34 883,34 844,34 605,34 200,34 239
123,Луга,Ленинградская область,34 619,35 000,35 262,35 785,36 148,36 496,36 774,37 332,37 777,38 600,38 593
124,Каменка,Пензенская область,34 577,35 151,35 929,36 566,37 002,37 530,37 847,38 429,39 110,39 484,39 577
125,Вязники,Владимирская область,34 521,35 028,35 865,36 635,37 197,37 866,38 661,39 401,40 277,41 040,41 248
126,Миллерово,Ростовская область,34 464,35 208,35 384,35 540,35 600,35 873,36 141,36 388,36 409,36 500,36 499
127,Ефремов,Тульская область,34 439,34 734,35 168,35 505,36 181,36 773,37 608,38 964,40 714,42 200,42 350
128,Гулькевичи,Краснодарский край,34 272,34 215,34 236,34 360,34 289,34 347,34 479,34 645,34 933,35 200,35 244
129,Азнакаево,Татарстан,34 197,34 587,34 896,34 863,34 700,34 720,34 747,34 564,34 594,34 811,34 853
130,Валуйки,Белгородская область,34 159,34 193,34 118,34 679,34 104,34 296,34 437,34 627,34 924,35 300,35 322
131,Зеленокумск,Ставропольский край,34 113,34 690,35 501,35 646,35 568,35 639,35 625,35 772,35 802,35 817,35 839
132,Дальнегорск,Приморский край,34 096,34 454,34 694,35 034,35 405,35 556,35 976,36 351,36 817,37 500,37 519
133,Корсаков,Сахалинская область,34 023,33 645,33 203,33 213,33 056,32 962,32 860,33 148,33 322,33 451,33 526
134,Коркино,Челябинская область,34 014,34 166,34 672,34 967,35 186,35 516,36 219,37 333,38 033,38 499,38 597
135,Гай,Оренбургская область,33 819,34 205,34 752,35 255,35 648,36 092,36 523,36 996,37 572,38 300,38 301
136,Богородск,Нижегородская область,33 756,33 931,34 240,34 388,34 597,34 676,35 018,35 063,35 286,35 439,35 499
137,Алатырь,Чувашия,33 752,34 179,34 785,35 298,35 591,36 123,36 610,37 042,37 518,38 200,38 203
138,Балтийск,Калининградская область,33 658,33 551,33 317,33 181,33 212,33 095,32 922,32 778,32 899,32 700,32 697
139,Нижнеудинск,Иркутская область,33 616,33 971,33 918,33 954,34 049,34 235,34 813,35 500,36 326,36 881,36 999
140,Истра,Московская область,33 558,33 535,34 309,34 790,34 764,34 995,35 139,34 789,34 966,35 100,35 111
141,Сухой Лог,Свердловская область,33 410,33 497,33 689,34 018,33 944,34 213,34 425,34 498,34 484,34 600,34 554
142,Вичуга,Ивановская область,33 292,33 794,34 394,34 868,35 281,35 792,36 100,36 537,36 897,37 600,37 583
143,Фурманов,Ивановская область,33 181,33 364,33 905,34 309,34 697,35 061,35 367,35 461,35 699,36 100,36 144
144,Тында,Амурская область,33 177,32 920,33 061,33 189,33 450,33 819,34 169,34 785,35 410,36 300,36 275
145,Чернушка,Пермский край,33 127,32 952,32 909,33 010,32 982,32 687,32 669,32 807,33 169,33 300,33 272
146,Мирный,Архангельская область,32 894,32 028,31 704,32 175,34 836,34 354,34 652,34 912,35 478,37 200,37 188
147,Тайшет,Иркутская область,32 671,32 754,33 043,33 364,33 587,33 638,33 836,34 339,34 692,35 384,35 485
148,Трёхгорный,Челябинская область,32 665,32 613,32 715,32 355,32 521,32 540,32 789,33 002,33 262,33 700,33 670
149,Тавда,Свердловская область,32 623,32 932,33 356,33 666,33 957,34 074,34 270,34 615,34 857,35 400,35 421
150,Приморско-Ахтарск,Краснодарский край,32 349,32 180,32 048,31 925,31 987,31 887,31 740,31 921,32 245,32 300,32 257
151,Сланцы,Ленинградская область,32 169,32 337,32 508,32 838,33 037,33 300,33 154,33 249,33 245,33 500,33 485
152,Добрянка,Пермский край,32 072,32 304,32 676,33 083,33 194,33 291,33 395,33 466,33 620,33 700,33 686
153,Шатура,Московская область,32 019,32 384,32 838,33 222,33 412,33 308,33 190,33 109,33 029,32 900,32 885
154,Нурлат,Татарстан,32 014,32 345,32 703,32 954,33 141,33 102,33 267,33 153,32 853,32 623,32 601
155,Слободской,Кировская область,31 980,32 382,32 793,33 115,33 334,33 449,33 490,33 583,33 845,33 970,33 981
156,Вятские Поляны,Кировская область,31 873,32 108,32 562,32 817,33 053,33 338,33 584,33 964,34 505,35 102,35 162
157,Острогожск,Воронежская область,31 829,32 317,32 601,32 714,32 826,32 944,32 833,33 029,33 404,33 800,33 842
158,Тейково,Ивановская область,31 801,32 033,32 511,32 791,33 061,33 276,33 782,34 344,34 588,35 000,34 976
159,Кулебаки,Нижегородская область,31 794,32 076,32 518,32 943,33 280,33 684,34 068,34 494,34 988,35 622,35 759
160,Углич,Ярославская область,31 758,31 861,32 057,32 146,32 321,32 496,32 766,33 273,33 900,34 354,34 507
161,Муравленко,Ямало-Ненецкий АО,31 561,32 132,32 427,32 540,32 649,32 786,33 016,33 247,33 518,33 394,33 391
162,Нововоронеж,Воронежская область,31 540,31 568,31 503,31 607,31 502,31 560,31 721,31 838,32 136,32 600,32 635
163,Дюртюли,Башкортостан,31 021,30 912,30 969,30 858,30 986,30 943,31 152,31 152,31 217,31 300,31 274
164,Великий Устюг,Вологодская область,31 019,31 189,31 475,31 606,31 644,31 806,31 983,31 984,31 906,31 700,30 926
165,Сердобск,Пензенская область,30 939,31 475,32 087,32 554,32 986,33 553,33 992,34 504,34 900,35 268,35 393
166,Маркс,Саратовская область,30 743,31 184,31 488,31 788,31 864,31 870,31 874,31 724,31 592,31 504,31 531
167,Апрелевка,Московская область,30 669,29 147,27 860,26 610,25 205,24 004,22 917,21 289,20 014,18 300,18 349
168,Нарткала,Кабардино-Балкария,30 634,30 832,30 704,30 643,30 497,30 476,30 500,31 037,31 325,31 700,31 694
169,Усть-Джегута,Карачаево-Черкесия,30 559,30 369,30 391,30 438,30 245,29 779,29 665,29 953,30 286,30 600,30 566
170,Зима,Иркутская область,30 515,30 818,30 988,31 229,31 283,31 440,31 523,31 936,32 279,32 485,32 508
171,Ростов,Ярославская область,30 515,30 700,30 969,31 039,30 943,30 824,30 923,31 047,31 368,31 752,31 792
172,Дедовск,Московская область,30 500,30 061,29 738,29 558,29 436,29 480,29 534,29 426,29 345,29 100,29 108
173,Луховицы,Московская область,30 443,30 290,30 228,30 271,30 055,29 893,29 737,29 762,29 814,29 900,29 850
174,Богородицк,Тульская область,30 433,30 772,31 139,31 263,31 379,31 363,31 404,31 554,31 665,31 900,31 897
175,Кудымкар,Пермский край,30 425,30 904,31 370,31 265,31 007,30 739,30 525,30 162,29 561,29 000,28 967
176,Благодарный,Ставропольский край,30 399,30 530,31 100,31 293,31 558,31 720,31 959,32 148,32 435,32 728,32 725
177,Кандалакша,Мурманская область,30 379,30 575,31 329,32 034,32 592,32 945,33 542,34 127,34 713,35 536,35 654
178,Кохма,Ивановская область,30 161,30 220,30 500,30 316,29 770,29 258,29 389,29 405,29 414,29 400,29 411
179,Артёмовский,Свердловская область,30 101,30 366,30 778,30 933,30 944,31 167,31 557,32 011,32 531,33 100,33 160
180,Алушта,Крым[комм. 1],30 088,29 963,29 869,29 668,29 586,29 201,29 078,28 418,28 642,28 919,29 191
181,Можайск,Московская область,30 066,30 056,30 190,30 439,30 413,30 513,30 595,30 736,31 104,31 400,31 363
182,Киров,Калужская область,29 946,30 334,30 520,30 839,30 894,31 039,31 230,31 404,31 603,31 824,31 882
183,Обь,Новосибирская область,29 883,29 739,29 437,29 194,28 913,28 387,27 430,26 792,26 070,25 400,25 382
184,Дагестанские Огни,Дагестан,29 716,29 555,29 401,29 238,28 887,28 669,28 132,28 100,28 125,27 900,27 923
185,Городец,Нижегородская область,29 712,29 854,30 188,30 493,30 530,30 563,30 524,30 570,30 447,30 623,30 658
186,Костомукша,Карелия,29 634,29 367,29 381,29 526,29 511,29 356,29 036,28 716,28 496,28 400,28 436
187,Богданович,Свердловская область,29 294,29 108,29 241,29 311,29 311,29 421,29 659,29 903,30 121,30 700,30 670
188,Советский,Ханты-Мансийский АО,29 293,29 624,29 575,29 456,29 179,28 683,28 087,27 631,27 116,26 500,26 495
189,Касимов,Рязанская область,29 240,29 700,30 243,30 696,30 990,31 494,31 897,32 426,32 860,33 500,33 491
190,Дивногорск,Красноярский край,29 232,29 195,29 246,29 117,29 049,29 115,28 857,28 713,28 473,28 300,28 272
191,Борзя,Забайкальский край,29 225,29 181,28 888,28 874,29 050,29 405,29 822,30 308,30 816,31 400,31 379
192,Кондопога,Карелия,29 218,29 735,30 299,30 802,31 203,31 501,31 646,31 962,32 415,33 000,32 987
193,Губкинский,Ямало-Ненецкий АО,29 161,28 564,27 930,27 238,27 346,27 070,26 214,26 254,25 848,23 681,23 335
194,Аша,Челябинская область,29 066,29 274,29 692,29 946,30 146,30 383,30 714,31 152,31 542,31 838,31 881
195,Славгород,Алтайский край,29 050,29 371,29 916,30 186,30 370,30 591,31 006,31 707,32 337,32 415,32 389
196,Алейск,Алтайский край,28 974,29 249,28 972,28 735,28 528,28 372,28 493,28 825,29 061,29 489,29 510
197,Котовск,Тамбовская область,28 955,29 377,29 999,30 353,30 718,31 136,31 220,31 406,31 611,31 900,31 850
198,Гагарин,Смоленская область,28 866,28 797,29 041,29 285,29 476,29 916,30 230,30 673,31 256,31 700,31 721
199,Ликино-Дулёво,Московская область,28 818,29 036,29 376,29 691,30 069,30 345,30 683,30 927,31 125,31 300,31 321
200,Барабинск,Новосибирская область,28 704,28 786,28 941,29 122,29 307,29 530,29 714,29 895,30 142,30 400,30 394
201,Гусев,Калининградская область,28 484,28 307,28 300,28 257,28 204,28 511,28 508,28 534,28 542,28 300,28 260
202,Шумерля,Чувашия,28 356,28 647,29 071,29 553,29 954,30 347,30 536,30 798,31 101,31 700,31 722
203,Тара,Омская область,28 241,27 975,28 099,28 116,28 012,27 922,27 839,27 740,27 641,27 273,27 318
204,Петровск,Саратовская область,28 237,28 490,28 893,29 376,29 820,30 037,30 147,30 441,30 744,31 176,31 160
205,Карталы,Челябинская область,28 227,28 442,28 607,28 577,28 697,28 703,28 757,28 763,28 875,29 095,29 131
206,Еманжелинск,Челябинская область,28 216,28 217,28 742,29 077,29 487,29 728,29 931,30 252,30 256,30 220,30 216
207,Заречный,Свердловская область,27 898,27 795,27 595,27 617,27 608,27 619,27 351,27 115,26 900,26 800,26 820
208,Похвистнево,Самарская область,27 895,28 044,28 177,28 223,28 150,28 140,28 127,28 080,28 019,28 200,28 169
209,Малоярославец,Калужская область,27 795,27 411,27 448,27 791,28 058,28 401,28 955,29 503,29 953,30 297,30 392
210,Топки,Кемеровская область,27 779,27 639,27 860,27 963,28 144,28 129,28 044,28 217,28 421,28 571,28 641
211,Старая Русса,Новгородская область,27 739,28 043,28 483,29 019,29 489,29 728,29 979,30 371,30 901,31 800,31 809
212,Кушва,Свердловская область,27 241,27 624,28 060,28 409,28 819,29 131,29 323,29 541,29 803,30 200,30 167
213,Десногорск,Смоленская область,27 225,27 322,27 771,28 103,28 293,28 517,28 728,29 102,29 383,29 700,31 100
214,Удомля,Тверская область,27 186,27 641,28 119,28 669,28 864,28 972,29 405,29 911,30 407,31 100,31 061
215,Холмск,Сахалинская область,27 148,27 479,27 954,28 217,28 521,28 751,28 979,29 563,30 143,30 817,30 937
216,Сорочинск,Оренбургская область,27 088,27 164,27 547,27 912,28 136,28 367,28 549,28 728,28 988,29 200,29 249
217,Семилуки,Воронежская область,27 036,26 805,26 732,26 797,26 721,26 617,26 505,26 391,26 027,26 000,26 023
218,Соль-Илецк,Оренбургская область,26 923,26 978,27 085,27 189,27 306,27 279,27 338,27 748,27 978,28 400,28 377
219,Кировск,Ленинградская область,26 887,26 683,26 387,25 978,25 691,25 705,25 409,25 706,25 491,25 700,25 650
220,Карасук,Новосибирская область,26 820,26 673,26 902,27 196,27 332,27 650,28 074,28 415,28 451,28 600,28 586
221,Верхний Уфалей,Челябинская область,26 716,26 885,27 498,27 879,28 267,28 580,29 096,29 518,29 976,30 434,30 481
222,Киржач,Владимирская область,26 703,26 331,26 676,27 157,27 439,27 788,28 160,28 699,29 192,29 917,29 965
223,Знаменск,Астраханская область,26 701,27 071,26 927,26 934,27 202,27 208,27 021,27 526,28 576,29 400,29 401
224,Бахчисарай,Крым[комм. 1],26 680,26 572,26 874,27 188,27 351,27 450,27 448,26 482,26 363,26 215,26 144
225,Майский,Кабардино-Балкария,26 652,26 945,27 074,27 055,26 831,26 683,26 493,26 558,26 757,26 800,26 755
226,Курчалой,Чечня,26 581,26 115,25 672,25 260,24 847,24 469,23 971,23 610,23 237,,22 723
227,Заводоуковск,Тюменская область,26 542,26 195,26 048,26 006,25 728,25 408,25 278,25 316,25 340,25 600,25 647
228,Новоалександровск,Ставропольский край,26 518,26 761,26 997,27 009,27 067,26 894,26 876,26 892,26 817,26 739,26 757
229,Киреевск,Тульская область,26 341,26 217,25 741,24 642,24 859,24 911,25 073,25 174,25 393,25 600,25 557
230,Октябрьск,Самарская область,26 306,26 512,26 438,26 478,26 550,26 681,26 909,27 086,27 152,27 230,27 244
231,Красноармейск,Московская область,26 300,26 463,26 519,26 608,26 660,26 594,26 641,26 666,26 590,26 300,26 294
232,Лабытнанги,Ямало-Ненецкий АО,26 295,26 211,26 122,26 281,26 331,26 549,26 359,26 279,26 572,26 898,26 936
233,Дятьково,Брянская область,26 161,26 483,26 775,27 028,27 155,27 535,27 773,28 141,28 739,29 400,29 439
234,Новопавловск,Ставропольский край,26 062,26 106,26 238,26 234,26 295,26 221,26 293,26 312,26 480,26 559,26 562
235,Кировск,Мурманская область,26 020,26 206,26 581,26 687,26 971,27 250,27 686,28 074,28 257,28 590,28 625
236,Сосногорск,Коми,26 004,26 230,26 388,26 571,26 670,26 923,27 134,27 326,27 473,27 800,27 757
237,Сегежа,Карелия,26 000,26 241,26 666,27 108,27 494,27 813,28 117,28 555,29 066,29 600,29 631
238,Карпинск,Свердловская область,25 937,26 249,26 571,26 957,27 281,27 638,28 075,28 236,28 553,29 100,29 113
239,Полысаево,Кемеровская область,25 867,26 012,26 212,26 510,26 738,26 893,27 253,27 453,27 553,27 639,27 624
240,Камышлов,Свердловская область,25 843,26 301,26 444,26 538,26 569,26 573,26 732,26 782,26 983,26 900,26 870
241,Отрадное,Ленинградская область,25 796,25 623,25 421,25 344,25 203,25 481,25 225,24 994,24 504,23 900,23 866
242,Скопин,Рязанская область,25 748,26 005,26 112,26 329,26 805,27 444,28 092,28 862,29 582,30 400,30 376
243,Балабаново,Калужская область,25 574,25 775,25 608,25 752,25 426,25 505,25 656,25 869,26 123,26 300,26 337
244,Североуральск,Свердловская область,25 567,25 827,26 288,26 543,26 827,27 148,27 560,28 062,28 651,29 300,29 263
245,Кимовск,Тульская область,25 563,25 727,25 951,26 093,26 236,26 591,27 107,27 511,27 972,28 500,28 485
246,Лосино-Петровский,Московская область,25 404,25 317,25 424,25 370,25 266,24 726,24 290,23 694,23 182,22 600,22 550
247,Нарьян-Мар,Ненецкий АО,25 151,24 827,24 775,24 654,24 535,23 939,23 390,22 912,22 375,21 338,21 658
248,Янаул,Башкортостан,25 109,25 361,25 511,25 747,25 894,26 074,26 297,26 597,26 669,26 900,26 924
249,Дальнереченск,Приморский край,25 074,25 482,25 786,26 121,26 378,26 461,26 618,27 214,27 100,27 600,27 604
250,Железноводск,Ставропольский край,24 919,24 768,24 912,25 105,25 126,24 950,24 438,24 466,24 361,24 438,24 433
251,Красноперекопск,Крым[комм. 1],24 864,25 187,25 450,25 769,26 139,26 349,26 268,29 815,29 944,30 086,30 201
252,Саки,Крым[комм. 1],24 654,24 727,24 797,24 885,25 186,25 195,25 146,23 655,24 038,24 323,24 580
253,Озёры,Московская область,24 653,25 012,25 359,25 524,25 651,25 891,25 721,25 642,25 728,25 800,25 800
254,Медногорск,Оренбургская область,24 638,24 896,25 272,25 610,25 932,26 174,26 500,26 647,27 025,27 300,27 292
255,Морозовск,Ростовская область,24 575,24 822,25 198,25 467,25 830,26 290,26 664,27 007,27 372,27 600,27 642
256,Павловск,Воронежская область,24 453,24 542,24 858,25 047,25 188,25 081,25 148,25 123,25 170,25 100,25 126
257,Нефтекумск,Ставропольский край,24 360,24 472,24 763,24 841,24 958,25 152,25 566,26 247,26 987,27 703,27 687
258,Асино,Томская область,24 346,24 141,24 351,24 539,24 586,24 615,24 640,24 837,25 051,25 600,25 618
259,Старая Купавна,Московская область,24 200,22 476,22 099,21 973,21 856,21 937,22 027,21 954,21 912,,21 811
260,Аткарск,Саратовская область,24 125,24 669,25 140,25 384,25 515,25 481,25 388,25 438,25 444,25 595,25 624
261,Инта,Коми,24 121,24 878,25 444,26 271,26 983,27 723,28 491,29 404,30 524,32 100,32 080
262,Строитель,Белгородская область,24 104,24 038,24 392,24 526,24 322,24 185,24 192,24 260,24 211,,23 933
263,Семёнов,Нижегородская область,24 067,24 180,24 400,24 536,24 583,24 451,24 503,24 442,24 433,24 500,24 473
264,Зерноград,Ростовская область,24 063,24 217,24 561,24 886,24 657,25 177,25 833,26 050,26 450,26 900,26 842
265,Бутурлиновка,Воронежская область,24 007,24 062,24 319,24 670,24 935,25 230,25 684,26 108,26 543,27 200,27 208
266,Родники,Ивановская область,23 924,24 061,24 335,24 662,24 970,25 142,25 380,25 680,25 946,26 300,26 310
267,Сасово,Рязанская область,23 786,24 523,25 177,25 747,26 303,26 871,27 343,27 564,27 863,28 100,28 118
268,Среднеуральск,Свердловская область,23 680,23 538,23 353,22 896,22 574,21 982,21 368,21 102,20 739,20 400,20 449
269,Калач-на-Дону,Волгоградская область,23 595,23 813,23 947,24 237,24 742,25 133,25 629,26 211,26 666,26 900,26 910
270,Советская Гавань,Хабаровский край,23 550,23 816,24 249,24 671,25 147,25 763,26 174,26 642,27 145,27 671,27 712
271,Шарья,Костромская область,23 544,23 807,23 976,23 912,23 914,23 866,23 785,23 709,23 727,23 700,23 681
272,Давлеканово,Башкортостан,23 380,23 499,23 662,23 774,23 820,23 973,23 953,24 069,24 049,24 100,24 073
273,Татарск,Новосибирская область,23 376,23 523,23 729,23 956,24 073,24 208,24 165,24 008,23 992,24 200,24 217
274,Кувандык,Оренбургская область,23 285,23 373,23 763,24 131,24 408,24 715,24 990,25 273,25 607,26 200,26 169
275,Буй,Костромская область,23 233,23 578,23 809,24 011,24 097,24 315,24 531,24 796,25 179,25 800,25 763
276,Ипатово,Ставропольский край,23 214,23 579,24 021,24 390,24 782,24 966,25 155,25 468,25 794,26 046,26 053
277,Ленск,Якутия,23 186,23 237,23 479,23 660,23 693,23 725,23 948,24 322,24 700,25 000,24 966
278,Северобайкальск,Бурятия,23 183,23 159,23 365,23 673,23 944,24 101,24 209,24 449,24 615,24 880,24 929
279,Уварово,Тамбовская область,23 135,23 578,23 987,24 162,24 547,24 792,25 064,25 765,26 071,26 800,26 830
280,Тайга,Кемеровская область,23 108,23 168,23 565,24 183,24 532,24 698,25 122,25 481,25 489,25 357,25 331
281,Гусиноозёрск,Бурятия,23 036,23 075,23 082,23 280,23 359,23 307,23 436,23 781,24 099,24 490,23 588
282,Зея,Амурская область,22 984,23 093,23 270,23 505,23 734,23 966,24 082,24 367,24 665,24 978,24 986
283,Железногорск-Илимский,Иркутская область,22 950,23 137,23 412,23 643,23 979,24 235,24 505,24 955,25 446,25 953,26 079
284,Колпашево,Томская область,22 920,23 260,23 209,23 272,23 127,23 085,23 073,23 188,23 499,24 100,24 124
285,Фокино,Брянская область,22 896,23 058,23 077,23 157,23 219,23 167,23 145,23 306,23 443,,23 696
286,Лермонтов,Ставропольский край,22 891,22 601,22 612,22 477,22 635,22 741,22 771,22 680,22 610,22 559,22 541
287,Котельнич,Кировская область,22 882,23 244,23 682,23 966,24 169,24 266,24 451,24 685,24 908,24 989,24 979
288,Таштагол,Кемеровская область,22 861,23 117,23 170,23 107,23 079,23 085,22 953,23 091,23 089,23 109,23 134
289,Унеча,Брянская область,22 820,23 097,23 550,23 971,24 230,24 639,24 946,25 412,25 745,26 200,26 197
290,Невьянск,Свердловская область,22 806,22 943,23 200,23 348,23 545,23 767,23 831,24 034,24 323,24 600,24 567
291,Зарайск,Московская область,22 772,22 887,23 120,23 368,23 653,23 951,24 142,24 413,24 512,24 600,24 645
292,Электрогорск,Московская область,22 653,22 842,22 950,23 076,23 085,23 028,22 889,22 840,22 755,22 500,22 480
293,Калачинск,Омская область,22 599,22 587,22 737,22 781,22 716,22 656,22 542,22 915,23 283,23 513,23 556
294,Бронницы,Московская область,22 531,22 643,22 567,22 396,22 467,21 925,21 814,21 643,21 485,21 100,21 102
295,Красноуральск,Свердловская область,22 521,22 725,22 996,23 142,23 258,23 508,23 870,24 274,24 544,25 000,24 980
296,Гурьевск,Кемеровская область,22 375,22 569,22 872,23 089,23 359,23 676,24 137,24 436,24 450,24 765,24 817
297,Исилькуль,Омская область,22 371,22 615,22 903,23 151,23 546,23 865,24 086,24 196,24 375,24 488,24 482
298,Никольское,Ленинградская область,22 360,22 490,22 286,21 888,21 343,21 160,20 485,20 115,19 574,19 300,19 280
299,Вельск,Архангельская область,22 328,22 311,22 482,22 776,22 856,23 025,23 126,23 401,23 575,23 820,23 885
300,Красноармейск,Саратовская область,22 319,22 617,22 994,23 296,23 468,23 609,23 736,23 858,24 034,24 330,24 364
301,Звенигород,Московская область,22 317,21 931,22 513,21 948,20 802,19 384,18 183,17 270,16 850,16 400,16 395
302,Вилючинск,Камчатский край,22 223,21 979,21 973,21 942,21 763,21 748,21 602,21 965,22 486,22 900,25 401
303,Коммунар,Ленинградская область,22 221,22 522,22 055,21 965,21 743,21 575,21 260,21 099,20 711,20 215,20 211
304,Хадыженск,Краснодарский край,22 181,22 315,22 468,22 706,22 733,22 430,22 246,21 958,21 735,21 600,21 579
305,Бавлы,Татарстан,22 157,22 145,22 272,22 258,22 235,22 114,22 178,22 154,22 175,22 108,22 109
306,Менделеевск,Татарстан,22 146,22 305,22 336,22 203,22 183,22 200,22 131,22 180,22 103,22 060,22 075
307,Семикаракорск,Ростовская область,21 864,21 896,22 030,22 118,22 307,22 496,22 710,23 110,23 445,23 900,23 884
308,Усть-Катав,Челябинская область,21 803,22 042,22 312,22 536,22 627,22 830,23 064,23 169,23 326,23 532,23 580
309,Омутнинск,Кировская область,21 633,21 844,22 009,22 317,22 442,22 530,22 722,22 892,23 195,23 600,23 615
310,Светлый,Калининградская область,21 630,21 679,21 928,22 140,22 015,21 849,21 790,21 626,21 545,21 400,21 375
311,Тарко-Сале,Ямало-Ненецкий АО,21 501,21 583,21 442,21 665,21 448,21 304,21 151,20 906,20 697,20 459,20 398
312,Котово,Волгоградская область,21 413,21 780,21 990,22 450,22 707,22 909,23 268,23 614,23 819,24 100,24 115
313,Армянск,Крым[комм. 1],21 406,21 552,21 754,21 956,21 981,22 011,21 987,22 337,22 468,22 592,22 711
314,Хотьково,Московская область,21 319,21 236,21 349,21 444,21 538,21 687,21 697,21 768,21 536,21 500,21 505
315,Верещагино,Пермский край,21 292,21 648,21 969,22 194,22 261,22 328,22 448,22 447,22 085,22 200,22 156
316,Черноголовка,Московская область,21 288,21 059,21 342,21 621,21 786,21 925,21 787,21 646,21 424,,20 983
317,Электроугли,Московская область,21 263,20 670,20 823,20 687,20 612,20 652,20 674,20 528,20 427,20 100,20 136
318,Лысково,Нижегородская область,21 063,21 176,21 321,21 293,21 308,21 408,21 414,21 539,21 676,21 836,21 880
319,Сысерть,Свердловская область,21 007,21 091,21 097,20 962,20 939,20 964,20 764,20 558,20 477,20 500,20 465
320,Ряжск,Рязанская область,20 936,21 189,21 457,21 623,21 701,21 666,21 673,21 784,21 800,21 700,21 674
321,Нерехта,Костромская область,20 929,21 060,21 262,21 403,21 612,21 719,21 847,22 138,22 467,22 800,22 828
322,Вихоревка,Иркутская область,20 833,20 955,21 118,21 279,21 459,21 597,21 767,21 963,22 205,22 459,22 520
323,Карачаевск,Карачаево-Черкесия,20 828,21 027,21 067,21 040,20 976,20 641,20 357,20 316,20 852,21 500,21 483
324,Тогучин,Новосибирская область,20 820,21 063,21 064,21 159,21 357,21 530,21 663,21 821,21 856,21 900,21 500
325,Оса,Пермский край,20 805,20 899,21 061,21 072,21 143,21 201,20 990,21 000,21 083,21 200,21 188
326,Дудинка,Красноярский край,20 804,20 952,21 015,21 513,21 978,22 204,22 410,22 339,22 356,22 200,22 175
327,Пущино,Московская область,20 696,20 797,20 962,21 148,21 281,21 226,21 186,21 112,20 904,,20 332
328,Рыбное,Рязанская область,20 677,20 125,19 700,19 265,19 134,18 969,18 791,18 708,18 606,18 400,18 380
329,Алдан,Якутия,20 631,19 958,20 595,20 700,20 892,21 092,21 364,21 538,21 673,21 300,21 275
330,Куровское,Московская область,20 598,20 605,20 844,21 089,21 223,21 246,21 436,21 608,21 664,21 800,21 819
331,Тырныауз,Кабардино-Балкария,20 568,20 513,20 566,20 574,20 551,20 544,20 492,20 706,20 781,21 000,21 000
332,Нижний Ломов,Пензенская область,20 511,20 662,20 943,21 189,21 329,21 626,21 848,22 185,22 404,22 644,22 678
333,Остров,Псковская область,20 506,20 482,20 427,20 568,20 711,20 773,20 629,20 423,20 957,21 604,21 668
334,Бологое,Тверская область,20 498,20 739,21 158,21 425,21 564,21 845,22 177,22 671,23 027,23 500,23 494
335,Калтан,Кемеровская область,20 464,20 610,20 841,20 947,21 186,21 349,21 784,21 864,21 933,21 934,21 892
336,Бежецк,Тверская область,20 418,20 778,21 179,21 728,22 196,22 697,23 112,23 560,24 042,24 500,24 522
337,Буинск,Татарстан,20 416,20 681,20 848,20 905,20 886,20 854,20 718,20 657,20 482,20 433,20 352
338,Арск,Татарстан,20 383,20 523,20 540,20 419,20 046,19 681,19 324,18 886,18 527,18 168,18 114
339,Котельниково,Волгоградская область,20 382,20 195,20 172,20 381,20 384,20 489,20 458,20 420,20 595,20 400,20 428
340,Оленегорск,Мурманская область,20 364,20 697,20 847,21 039,21 097,21 003,21 301,21 736,22 405,22 986,23 072
341,Кяхта,Бурятия,20 297,20 157,20 031,20 013,19 980,20 036,20 076,19 998,20 046,19 991,20 024
342,Кубинка,Московская область,20 138,20 104,20 157,20 363,20 676,21 017,21 558,22 096,22 556,,22 964
343,Козьмодемьянск,Марий Эл,20 062,20 134,20 216,20 327,20 505,20 682,20 810,21 038,21 190,21 300,21 257
344,Рошаль,Московская область,20 022,20 225,20 418,20 590,20 793,21 167,21 186,21 132,21 035,21 300,21 272
345,Оха,Сахалинская область,20 016,20 391,20 715,20 916,21 081,21 203,21 495,21 830,22 349,22 893,23 008
346,Бобров,Воронежская область,20 007,20 238,20 460,20 605,20 466,19 956,19 210,19 270,19 516,19 700,19 738
347,Сергач,Нижегородская область,19 939,19 997,20 269,20 416,20 370,20 524,20 715,20 931,21 077,21 315,21 386
348,Пикалёво,Ленинградская область,19 746,19 981,20 183,20 379,20 498,20 732,20 864,21 106,21 411,21 546,21 562
349,Алагир,Северная Осетия,19 737,20 013,20 043,20 133,20 211,20 270,20 399,20 575,20 709,20 966,20 949
350,Агрыз,Татарстан,19 721,19 794,19 774,19 704,19 739,19 738,19 778,19 671,19 553,19 314,19 300
351,Шахунья,Нижегородская область,19 694,19 790,20 049,20 183,20 217,20 370,20 499,20 683,20 835,20 918,20 921
352,Усмань,Липецкая область,19 625,19 653,19 956,19 958,19 805,19 739,19 432,19 148,18 832,18 668,18 685
353,Белоярский,Ханты-Мансийский АО,19 622,19 542,19 825,20 142,20 282,20 271,20 211,20 218,20 193,,20 283
354,Никольск,Пензенская область,19 611,20 045,20 572,21 056,21 318,21 748,22 103,22 323,22 374,22 500,22 471
355,Боготол,Красноярский край,19 576,19 819,20 020,20 245,20 477,20 545,20 717,20 855,20 841,21 000,21 051
356,Терек,Кабардино-Балкария,19 539,19 494,19 489,19 449,19 426,19 442,19 446,19 329,19 273,19 200,19 170
357,Нижняя Тура,Свердловская область,19 366,19 535,19 883,20 217,20 456,20 782,21 136,21 503,21 596,22 000,22 006
358,Гурьевск,Калининградская область,19 314,18 317,17 295,16 311,15 007,14 195,13 628,13 078,12 711,12 400,12 431
359,Ардон,Северная Осетия,19 298,19 331,19 412,19 371,19 513,19 453,19 201,19 095,18 912,18 786,18 774
360,Лебедянь,Липецкая область,19 203,19 208,19 288,19 503,19 866,20 117,20 241,20 478,20 724,20 949,21 012
361,Няндома,Архангельская область,19 149,19 416,19 783,20 143,20 395,20 741,21 072,21 332,21 756,22 281,22 356
362,Губаха,Пермский край,19 109,19 472,19 831,20 289,20 645,21 160,21 658,26 807,27 387,28 100,28 111
363,Черепаново,Новосибирская область,19 064,19 437,19 610,19 612,19 570,19 522,19 521,19 536,19 614,19 800,19 300
364,Лодейное Поле,Ленинградская область,18 989,19 270,19 458,19 671,19 976,20 135,20 283,20 464,20 688,20 700,20 674
365,Ковылкино,Мордовия,18 857,18 978,19 488,20 072,20 387,20 560,20 820,20 958,21 137,21 300,21 307
366,Сортавала,Карелия,18 831,18 847,18 801,18 762,18 746,18 830,18 857,19 034,19 174,19 200,19 235
367,Ершов,Саратовская область,18 796,19 237,19 590,19 993,20 290,20 557,20 763,20 927,21 200,21 408,21 448
368,Кировград,Свердловская область,18 738,18 956,19 277,19 712,20 036,20 305,20 271,20 481,20 681,21 000,21 035
369,Данков,Липецкая область,18 711,18 830,19 017,19 120,19 343,19 600,19 920,20 218,20 652,20 982,21 064
370,Бакал,Челябинская область,18 706,19 009,19 264,19 590,19 942,20 153,20 256,20 485,20 708,20 910,20 940
371,Пролетарск,Ростовская область,18 671,18 781,19 032,19 290,19 504,19 623,19 793,20 016,20 206,20 300,20 267
372,Абдулино,Оренбургская область,18 581,18 768,19 032,19 222,19 320,19 353,19 468,19 687,19 937,20 200,20 173
373,Шимановск,Амурская область,18 566,18 542,18 643,18 706,18 810,18 941,19 116,19 384,19 595,19 800,19 815
374,Онега,Архангельская область,18 493,18 830,19 030,19 381,19 706,20 051,20 284,20 620,21 017,21 321,21 359
375,Новый Оскол,Белгородская область,18 478,18 538,18 763,18 856,18 932,18 930,18 911,19 024,19 159,19 500,19 530
376,Чегем,Кабардино-Балкария,18 417,18 264,18 156,18 043,17 957,17 875,17 820,17 819,17 887,18 000,18 019
377,Волоколамск,Московская область,18 372,19 162,19 824,20 838,20 976,21 212,21 692,22 439,22 857,23 400,23 433
378,Радужный,Владимирская область,18 342,18 470,18 471,18 535,18 432,18 369,18 368,18 466,18 399,18 200,18 211
379,Суровикино,Волгоградская область,18 230,18 375,18 685,18 954,19 181,19 387,19 641,19 980,20 235,20 500,20 533
380,Калач,Воронежская область,18 221,18 429,18 834,19 035,19 182,19 248,19 516,19 603,19 847,20 000,20 046
381,Слюдянка,Иркутская область,18 213,18 190,18 287,18 241,18 302,18 425,18 567,18 626,18 682,18 538,18 574
382,Стародуб,Брянская область,18 156,18 321,18 615,18 824,18 868,18 868,18 895,18 942,18 980,19 005,19 010
383,Льгов,Курская область,18 145,18 435,18 774,19 176,19 533,19 905,20 246,20 579,20 951,21 500,21 453
384,Нытва,Пермский край,18 115,18 366,18 608,18 804,18 863,18 878,18 846,18 881,18 960,19 000,19 041
385,Нелидово,Тверская область,18 102,18 351,18 883,19 400,19 952,20 508,21 020,21 581,22 153,22 900,22 896
386,Юрьев-Польский,Владимирская область,18 098,18 237,18 433,18 610,18 737,19 031,19 137,19 319,19 556,19 582,19 595
387,Покачи,Ханты-Мансийский АО,18 074,17 987,17 874,17 905,17 899,17 731,17 471,17 273,17 186,17 159,17 171
388,Зверево,Ростовская область,18 068,18 561,19 045,19 456,19 920,20 437,20 974,21 495,21 899,22 400,22 411
389,Яровое,Алтайский край,18 053,18 052,18 092,18 159,18 085,18 175,18 162,18 118,18 291,18 595,18 604
390,Николаевск-на-Амуре,Хабаровский край,17 939,18 159,18 636,19 135,19 634,20 274,20 774,21 398,21 943,22 614,22 752
391,Нефтегорск,Самарская область,17 920,17 916,17 990,18 119,18 242,18 358,18 488,18 639,18 899,,19 254
392,Белоозёрский,Московская область,17 898,18 090,18 297,18 234,18 235,18 162,18 068,18 006,17 948,,17 842
393,Приозерск,Ленинградская область,17 813,18 229,18 552,18 616,18 755,18 844,18 890,18 947,18 793,18 900,18 933
394,Кукмор,Татарстан,17 796,17 815,17 753,17 700,17 694,17 479,17 428,17 254,17 067,16 916,16 918
395,Енисейск,Красноярский край,17 774,17 805,17 826,17 999,18 156,18 359,18 561,18 529,18 640,18 800,18 766
396,Харабали,Астраханская область,17 517,17 786,17 968,18 031,18 097,18 041,18 146,18 275,18 178,18 100,18 117
397,Голицыно,Московская область,17 502,17 368,17 651,17 660,17 535,17 301,17 361,17 486,17 444,17 600,17 593
398,Полярный,Мурманская область,17 494,17 605,17 650,17 568,17 296,17 070,17 053,17 128,17 383,17 301,17 293
399,Нижняя Салда,Свердловская область,17 330,17 345,17 373,17 380,17 387,17 376,17 297,17 362,17 452,17 600,17 619
400,Пласт,Челябинская область,17 273,17 254,17 508,17 648,17 483,17 531,17 260,17 209,17 248,17 304,17 342
401,Собинка,Владимирская область,17 266,17 375,17 799,18 059,18 232,18 510,18 702,18 961,19 179,19 420,19 482
402,Инза,Ульяновская область,17 215,17 442,17 630,17 714,17 833,17 965,18 127,18 395,18 564,20 919,18 803
403,Баймак,Башкортостан,17 179,17 254,17 432,17 529,17 475,17 460,17 492,17 534,17 608,17 700,17 710
404,Суворов,Тульская область,17 173,17 360,17 450,17 506,17 615,17 829,18 015,18 299,18 610,19 000,18 973
405,Карачев,Брянская область,17 169,17 466,17 716,17 981,18 175,18 392,18 668,19 094,19 432,19 700,19 715
406,Шумиха,Курганская область,17 152,17 198,17 336,17 542,17 586,17 582,17 593,17 608,17 678,17 830,17 819
407,Туринск,Свердловская область,17 115,17 060,17 233,17 316,17 345,17 305,17 277,17 355,17 630,17 900,17 925
408,Краснослободск,Волгоградская область,17 059,17 281,17 327,17 405,17 356,16 996,16 689,16 398,16 091,16 000,15 998
409,Мензелинск,Татарстан,16 916,17 030,17 055,17 153,17 043,16 952,16 968,16 903,16 594,16 501,16 476
410,Константиновск,Ростовская область,16 891,17 055,17 160,17 317,17 391,17 437,17 543,17 771,17 808,17 900,17 926
411,Райчихинск,Амурская область,16 784,17 098,17 372,17 590,17 783,17 874,18 107,19 962,20 199,20 500,20 534
412,Покров,Владимирская область,16 755,16 640,17 025,17 308,17 519,17 708,17 695,17 638,17 727,17 749,17 756
413,Галич,Костромская область,16 754,16 844,16 911,16 922,16 927,16 869,16 934,16 825,16 974,17 300,17 346
414,Куса,Челябинская область,16 722,16 913,17 136,17 368,17 521,17 758,17 941,18 278,18 559,18 779,18 792
415,Поворино,Воронежская область,16 702,16 781,17 025,17 095,17 173,17 286,17 419,17 376,17 479,17 700,17 692
416,Подпорожье,Ленинградская область,16 676,16 942,17 270,17 678,17 895,18 043,18 177,18 285,18 466,18 700,18 733
417,Зеленоградск,Калининградская область,16 536,15 946,15 644,15 493,14 830,14 308,13 592,13 155,13 043,13 000,13 026
418,Гаврилов-Ям,Ярославская область,16 536,16 715,17 057,17 351,17 434,17 514,17 468,17 579,17 661,17 755,17 791
419,Куртамыш,Курганская область,16 507,16 509,16 579,16 702,16 901,16 906,16 925,16 951,17 112,17 105,17 099
420,Судак,Крым[комм. 1],16 489,16 766,16 784,16 756,16 597,16 615,16 492,15 457,15 368,15 300,15 171
421,Новомичуринск,Рязанская область,16 474,16 503,16 710,16 852,16 997,17 257,17 586,18 075,18 655,19 300,19 309
422,Жуковка,Брянская область,16 448,16 671,16 878,16 953,17 037,17 147,17 376,17 629,17 942,18 300,18 269
423,Козельск,Калужская область,16 427,16 389,16 443,16 370,16 045,16 273,16 694,17 312,17 871,18 200,18 245
424,Почеп,Брянская область,16 389,16 539,16 687,16 663,16 748,16 681,16 975,17 168,17 621,17 148,17 161
425,Белогорск,Крым[комм. 1],16 385,16 405,16 391,16 442,16 428,16 359,16 354,18 220,18 199,18 208,18 224
426,Сельцо,Брянская область,16 368,16 532,16 554,16 664,16 759,16 957,17 140,17 416,17 718,17 882,17 934
427,Волгореченск,Костромская область,16 276,16 378,16 539,16 653,16 701,16 804,16 768,16 868,17 032,,17 104
428,Ковдор,Мурманская область,16 244,16 435,16 623,16 892,17 110,17 389,17 630,17 991,18 388,18 749,18 820
429,Бикин,Хабаровский край,16 104,15 946,15 954,15 928,16 097,16 271,16 508,16 635,16 929,17 072,17 154
430,Кирсанов,Тамбовская область,16 092,16 229,16 409,16 682,16 877,17 042,17 276,17 358,17 190,17 200,17 224
431,Бородино,Красноярский край,16 055,16 061,16 127,16 249,16 218,16 339,16 522,16 764,16 956,17 400,17 416
432,Рыльск,Курская область,16 005,16 014,16 147,16 319,16 242,16 221,16 163,16 110,15 865,15 700,15 671
433,Мамадыш,Татарстан,15 880,15 851,15 806,15 699,15 573,15 528,15 313,15 159,14 694,14 510,14 435
434,Новоаннинский,Волгоградская область,15 858,16 112,16 294,16 436,16 655,16 777,17 009,17 277,17 546,17 900,17 912
435,Анадырь,Чукотский автономный округ,15 819,15 849,15 604,15 468,14 899,14 326,14 029,13 747,13 529,13 529,13 045
436,Петровск-Забайкальский,Забайкальский край,15 785,15 880,16 213,16 524,16 803,17 144,17 486,17 840,18 090,18 500,18 549
437,Камызяк,Астраханская область,15 749,15 810,15 984,16 077,16 073,16 219,16 154,16 223,16 289,16 300,16 314
438,Плавск,Тульская область,15 711,15 921,15 920,15 870,15 899,15 992,16 028,16 278,16 171,16 200,16 165
439,Касли,Челябинская область,15 673,15 853,16 013,16 263,16 488,16 637,16 708,16 776,16 879,16 955,16 969
440,Кодинск,Красноярский край,15 653,15 911,16 116,16 312,16 227,16 075,16 039,15 876,15 651,14 800,14 830
441,Дегтярск,Свердловская область,15 636,15 828,16 001,16 141,16 076,15 981,15 920,15 833,15 669,15 500,15 522
442,Талица,Свердловская область,15 579,15 785,15 941,15 874,16 034,16 105,16 081,16 135,16 100,16 200,16 225
443,Поронайск,Сахалинская область,15 561,15 388,15 311,15 311,15 174,15 262,15 251,15 476,15 768,16 100,16 120
444,Барыш,Ульяновская область,15 541,15 759,15 974,16 147,16 275,16 431,16 608,16 848,16 931,17 100,17 149
445,Калининск,Саратовская область,15 508,15 635,15 821,15 841,15 869,15 960,16 061,16 172,16 307,16 410,16 441
446,Катав-Ивановск,Челябинская область,15 495,15 659,15 872,16 088,16 333,16 554,16 732,17 032,17 337,17 595,17 630
447,Межгорье,Башкортостан,15 493,15 603,15 638,15 861,16 019,16 275,16 450,16 866,16 741,17 400,17 352
448,Болотное,Новосибирская область,15 478,15 721,15 668,15 629,15 739,15 931,16 105,16 202,16 348,16 600,16 570
449,Жирновск,Волгоградская область,15 475,15 516,15 680,15 872,16 060,16 247,16 414,16 569,16 681,16 900,16 872
450,Яранск,Кировская область,15 475,15 752,15 985,16 106,16 283,16 460,16 624,16 721,16 930,17 300,17 253
451,Арамиль,Свердловская область,15 446,15 236,15 321,15 162,15 012,14 781,14 742,14 544,14 321,14 200,14 224
452,Ивдель,Свердловская область,15 423,15 659,15 888,16 090,16 235,16 378,16 579,16 947,17 303,17 800,17 775
453,Ясногорск,Тульская область,15 410,15 592,15 706,15 741,15 687,15 872,16 120,16 373,16 596,16 800,16 795
454,Осташков,Тверская область,15 384,15 666,15 981,16 318,16 597,16 837,17 109,17 321,17 724,18 100,18 088
455,Ужур,Красноярский край,15 333,15 563,15 586,15 568,15 566,15 538,15 483,15 540,15 839,16 100,16 093
456,Приволжск,Ивановская область,15 264,15 302,15 530,15 824,15 915,16 137,16 358,16 485,16 570,16 700,16 747
457,Ясный,Оренбургская область,15 249,15 264,15 573,15 675,15 743,15 674,15 598,16 027,16 767,,17 363
458,Светогорск,Ленинградская область,15 242,15 398,15 546,15 721,15 787,15 827,15 896,15 955,15 893,16 000,15 981
459,Светлогорск,Калининградская область,15 208,14 355,13 663,13 030,12 425,12 014,11 522,11 219,10 982,10 800,10 772
460,Белокуриха,Алтайский край,15 192,15 160,15 179,15 264,15 072,14 877,14 529,14 344,14 406,14 627,14 661
461,Советск,Кировская область,15 172,15 434,15 538,15 646,15 719,15 729,15 868,16 195,16 352,16 600,16 598
462,Новоузенск,Саратовская область,15 122,15 374,15 665,15 929,16 035,16 331,16 417,16 581,16 770,16 967,17 011
463,Бокситогорск,Ленинградская область,15 091,15 249,15 380,15 406,15 451,15 494,16 028,16 137,16 344,16 600,16 585
464,Абаза,Хакасия,14 990,15 149,15 335,15 592,15 802,16 009,16 238,16 491,16 707,17 000,17 115
465,Мантурово,Костромская область,14 988,15 203,15 452,15 619,15 804,16 077,16 400,16 699,17 127,17 500,17 479
466,Пестово,Новгородская область,14 985,15 137,15 269,15 461,15 593,15 679,15 824,15 773,15 851,15 900,15 903
467,Щигры,Курская область,14 984,15 117,15 292,15 540,15 678,15 963,16 227,16 416,16 664,17 000,17 040
468,Цивильск,Чувашия,14 969,15 104,14 718,14 328,14 039,13 708,13 540,13 578,13 452,13 500,13 479
469,Шлиссельбург,Ленинградская область,14 920,14 845,14 725,14 763,14 756,14 803,14 554,14 248,13 776,13 316,13 170
470,Карабаново,Владимирская область,14 896,14 631,14 786,14 817,14 839,14 923,14 955,14 910,14 908,14 862,14 868
471,Иланский,Красноярский край,14 869,14 967,15 030,15 013,15 137,15 357,15 582,15 751,15 974,16 100,16 111
472,Красновишерск,Пермский край,14 836,15 022,15 359,15 587,15 644,15 733,15 917,16 127,16 111,16 100,16 099
473,Грязовец,Вологодская область,14 808,14 809,14 800,14 916,14 949,15 041,15 081,15 313,15 476,15 500,15 201
474,Сухиничи,Калужская область,14 779,14 736,14 901,15 111,15 144,15 424,15 602,15 851,16 031,16 300,16 273
475,Нерчинск,Забайкальский край,14 726,14 906,14 919,14 912,14 820,14 746,14 775,14 945,14 912,15 000,14 959
476,Заполярный,Мурманская область,14 706,14 902,15 037,15 194,15 211,15 288,15 424,15 589,15 717,15 831,15 825
477,Кондрово,Калужская область,14 591,14 697,14 857,15 017,15 146,15 405,15 789,16 192,16 592,16 700,16 672
478,Навашино,Нижегородская область,14 583,14 707,14 830,15 051,15 281,15 406,15 521,15 688,16 022,16 339,16 416
479,Данилов,Ярославская область,14 522,14 709,14 746,14 868,14 981,15 081,15 187,15 450,15 625,15 813,15 861
480,Невель,Псковская область,14 481,14 819,15 079,15 133,15 250,15 252,15 417,15 578,15 885,16 272,16 324
481,Палласовка,Волгоградская область,14 463,14 658,14 729,14 940,15 089,15 235,15 493,15 728,15 923,16 100,16 081
482,Цимлянск,Ростовская область,14 432,14 421,14 528,14 558,14 643,14 622,14 761,14 778,14 807,15 000,15 028
483,Ленинск,Волгоградская область,14 370,14 626,15 064,15 149,15 353,15 426,15 403,15 473,15 519,15 500,15 504
484,Агидель,Башкортостан,14 219,14 601,14 959,15 281,15 616,15 749,15 865,15 932,16 123,16 400,16 370
485,Полярные Зори,Мурманская область,14 196,14 389,14 421,14 644,14 794,14 853,14 936,15 005,14 982,15 075,15 096
486,Очёр,Пермский край,14 186,14 237,14 226,14 240,14 151,14 091,14 051,14 088,14 188,14 200,14 238
487,Красный Кут,Саратовская область,14 130,14 385,14 483,14 718,14 773,14 619,14 460,14 451,14 431,14 382,14 416
488,Медвежьегорск,Карелия,14 091,14 249,14 340,14 446,14 520,14 647,14 833,14 958,15 160,15 500,15 533
489,Лакинск,Владимирская область,14 088,14 115,14 330,14 568,14 711,14 895,15 009,15 275,15 494,15 673,15 715
490,Яхрома,Московская область,14 056,14 297,14 275,14 245,14 004,13 768,13 554,13 517,13 349,13 200,13 214
491,Валдай,Новгородская область,13 987,14 119,14 240,14 379,14 589,14 614,14 758,15 152,15 539,16 100,16 098
492,Жердевка,Тамбовская область,13 964,13 998,14 214,14 296,14 460,14 556,14 748,14 919,15 026,,15 209
493,Чудово,Новгородская область,13 909,14 056,14 394,14 730,14 973,15 008,15 047,15 093,15 218,15 400,15 397
494,Венёв,Тульская область,13 883,14 023,14 191,14 211,14 260,14 198,14 244,14 500,14 866,15 200,15 224
495,Купино,Новосибирская область,13 790,13 708,13 777,13 781,13 897,14 010,14 182,14 365,14 613,14 900,15 400
496,Новоульяновск,Ульяновская область,13 778,13 903,13 990,14 164,14 555,14 795,15 104,15 355,15 688,16 008,16 033
497,Лукоянов,Нижегородская область,13 763,13 913,14 104,14 136,14 243,14 218,14 264,14 549,14 762,14 926,14 951
498,Кашин,Тверская область,13 757,14 094,14 287,14 475,14 734,15 029,15 178,15 419,15 781,16 200,16 171
499,Жуков,Калужская область,13 727,13 569,13 576,13 251,12 844,12 505,12 014,11 986,11 932,12 100,12 131
500,Дубовка,Волгоградская область,13 659,13 805,13 988,14 165,14 272,14 325,14 219,14 331,14 335,14 300,14 347
501,Трубчевск,Брянская область,13 613,13 695,14 001,13 696,13 802,13 921,14 073,14 472,14 648,14 949,15 014
502,Ак-Довурак,Тыва,13 609,13 630,13 580,13 578,13 663,13 700,13 570,13 548,13 558,13 482,13 468
503,Кизел,Пермский край,13 533,14 162,14 883,15 572,16 173,16 642,17 213,17 877,18 560,19 600,19 587
504,Меленки,Владимирская область,13 474,13 623,13 789,14 013,14 190,14 302,14 490,14 711,14 905,15 140,15 206
505,Пересвет,Московская область,13 411,13 574,13 675,13 756,13 872,13 950,14 013,14 108,14 126,14 100,14 147
506,Николаевск,Волгоградская область,13 408,13 653,13 660,13 840,13 998,14 279,14 428,14 741,14 771,15 100,15 075
507,Гвардейск,Калининградская область,13 313,13 190,13 227,13 186,13 214,13 321,13 514,13 582,13 779,13 900,13 899
508,Первомайск,Нижегородская область,13 260,13 362,13 496,13 626,13 706,13 828,14 013,14 245,14 360,14 505,14 568
509,Обоянь,Курская область,13 242,13 254,13 339,13 413,13 410,13 422,13 465,13 641,13 573,13 600,13 565
510,Гаджиево,Мурманская область,13 157,13 259,12 989,12 904,12 532,12 251,11 793,11 651,11 350,11 106,11 068
511,Вяземский,Хабаровский край,12 999,12 889,12 974,13 187,13 323,13 575,13 881,14 166,14 230,14 543,14 555
512,Могоча,Забайкальский край,12 953,13 076,13 285,13 442,13 526,13 640,13 697,13 626,13 422,13 300,13 258
513,Струнино,Владимирская область,12 881,12 902,13 094,13 281,13 541,13 829,14 022,14 211,14 366,14 368,14 369
514,Снежногорск,Мурманская область,12 826,12 638,12 642,12 696,12 650,12 627,12 514,12 493,12 527,12 655,12 683
515,Краснозаводск,Московская область,12 800,12 927,13 076,13 297,13 397,13 515,13 639,13 621,13 365,13 400,13 392
516,Лагань,Калмыкия,12 769,12 932,13 125,13 137,13 170,13 258,13 493,13 714,13 973,14 300,14 323
517,Фокино,Приморский край,12 759,12 818,12 938,13 065,13 143,13 238,13 333,13 401,13 575,13 824,13 876
518,Свирск,Иркутская область,12 750,12 779,12 945,13 110,13 127,13 194,13 144,13 103,13 351,13 586,13 650
519,Руза,Московская область,12 743,12 973,13 182,13 403,13 393,13 419,13 554,13 733,13 740,13 500,13 495
520,Адыгейск,Адыгея,12 721,12 728,12 745,12 701,12 689,12 659,12 481,12 444,12 368,12 200,12 237
521,Белёв,Тульская область,12 597,12 927,13 180,13 362,13 461,13 448,13 434,13 575,13 731,13 900,13 918
522,Талдом,Московская область,12 596,12 652,12 777,12 985,13 099,13 258,13 325,13 521,13 607,13 800,13 819
523,Гороховец,Владимирская область,12 565,12 687,12 799,12 948,13 105,13 233,13 326,13 553,13 801,13 954,14 016
524,Петушки,Владимирская область,12 536,12 799,13 112,13 382,13 620,13 915,14 113,14 375,14 760,15 121,15 148
525,Байкальск,Иркутская область,12 534,12 495,12 629,12 738,12 901,12 974,13 125,13 319,13 473,13 551,13 583
526,Сим,Челябинская область,12 501,12 645,12 893,13 170,13 365,13 542,13 672,13 969,14 229,14 429,14 466
527,Шилка,Забайкальский край,12 491,12 625,12 663,12 784,12 983,13 162,13 292,13 535,13 701,13 900,13 947
528,Сясьстрой,Ленинградская область,12 403,12 549,12 824,13 006,13 211,13 305,13 637,13 498,13 648,13 700,13 745
529,Емва,Коми,12 379,12 452,12 630,12 906,13 180,13 405,13 625,13 855,14 133,14 600,14 570
530,Катайск,Курганская область,12 367,12 398,12 565,12 585,12 781,12 891,13 169,13 332,13 603,13 930,14 003
531,Петров Вал,Волгоградская область,12 359,12 528,12 544,12 177,12 371,12 518,12 661,12 844,13 094,13 200,13 239
532,Калязин,Тверская область,12 351,12 454,12 770,13 025,13 123,13 345,13 394,13 630,13 703,13 900,13 867
533,Горняк,Алтайский край,12 330,12 437,12 654,12 972,13 040,13 109,13 231,13 462,13 649,13 866,13 918
534,Хвалынск,Саратовская область,12 288,12 302,12 391,12 556,12 788,12 814,12 985,13 005,12 947,13 044,13 094
535,Урень,Нижегородская область,12 251,12 205,12 309,12 385,12 257,12 137,12 066,12 088,12 129,12 276,12 304
536,Далматово,Курганская область,12 248,12 413,12 631,12 772,13 015,13 240,13 480,13 580,13 817,13 901,13 911
537,Южа,Ивановская область,12 229,12 369,12 595,12 834,13 019,13 201,13 365,13 539,13 809,14 200,14 170
538,Пионерский,Калининградская область,12 194,11 454,11 312,11 352,11 395,11 475,11 633,11 676,11 383,11 000,11 016
539,Магас,Ингушетия,12 170,10 333,8 771,7 818,6 880,5 841,4 756,4 106,3 367,2 581,2 502
540,Камешково,Владимирская область,11 992,12 210,12 496,12 711,12 743,12 722,12 731,12 852,12 974,13 098,13 103
541,Бодайбо,Иркутская область,11 982,11 931,12 316,13 104,13 419,13 896,14 176,14 408,14 859,15 286,15 340
542,Удачный,Якутия,11 970,11 960,11 676,11 835,11 695,11 564,,11 674,11 850,,12 613
543,Уяр,Красноярский край,11 948,11 981,11 954,12 074,12 209,12 295,12 319,12 444,12 485,12 700,12 665
544,Александровск,Пермский край,11 935,12 222,12 562,12 841,13 108,13 353,13 600,13 858,14 144,14 500,14 495
545,Долинск,Сахалинская область,11 851,11 685,11 765,11 708,11 751,11 730,11 814,11 885,12 049,12 166,12 200
546,Волосово,Ленинградская область,11 828,11 909,11 987,12 148,12 187,12 212,12 179,12 227,12 110,,12 161
547,Торопец,Тверская область,11 826,11 955,12 048,12 092,12 120,12 149,12 290,12 436,12 659,13 000,13 015
548,Чаплыгин,Липецкая область,11 773,11 795,11 802,11 948,11 940,12 083,12 124,12 271,12 373,12 620,12 656
549,Новая Ляля,Свердловская область,11 645,11 753,11 879,11 947,11 988,12 087,12 149,12 367,12 540,12 700,12 734
550,Аркадак,Саратовская область,11 516,11 681,11 895,11 986,12 088,12 149,12 328,12 477,12 612,12 802,12 845
551,Нязепетровск,Челябинская область,11 425,11 539,11 687,11 752,11 901,12 061,12 067,12 153,12 305,12 403,12 451
552,Лихославль,Тверская область,11 408,11 481,11 594,11 790,11 930,12 025,12 078,12 207,12 170,12 300,12 257
553,Бабаево,Вологодская область,11 406,11 328,11 395,11 493,11 502,11 491,11 624,11 712,11 900,12 100,12 053
554,Чкаловск,Нижегородская область,11 345,11 354,11 462,11 569,11 601,11 723,11 882,12 036,12 167,12 324,12 368
555,Вилюйск,Якутия,11 322,11 213,11 095,10 975,10 744,10 656,10 559,10 529,10 187,10 200,10 234
556,Дрезна,Московская область,11 313,11 344,11 480,11 638,11 750,11 831,11 767,11 766,11 826,11 800,11 820
557,Сорск,Хакасия,11 215,11 308,11 416,11 514,11 504,11 485,11 496,11 706,11 908,12 100,12 143
558,Закаменск,Бурятия,11 204,11 195,11 164,11 249,11 234,11 369,11 455,11 493,11 540,11 497,11 510
559,Шагонар,Тыва,11 182,11 063,10 995,10 973,10 919,10 935,10 905,10 966,10 917,11 000,10 956
560,Горнозаводск,Пермский край,11 176,11 274,11 375,11 477,11 511,11 575,11 623,11 635,11 854,,12 057
561,Кораблино,Рязанская область,11 073,11 188,11 220,11 272,11 327,11 390,11 554,11 741,12 090,12 700,12 658
562,Богучар,Воронежская область,11 048,11 192,11 270,11 295,11 190,11 162,11 193,11 281,11 496,11 800,11 811
563,Киренск,Иркутская область,11 048,11 046,11 139,11 310,11 436,11 568,11 802,12 066,12 359,12 599,12 640
564,Чулым,Новосибирская область,11 026,11 144,11 216,11 270,11 312,11 330,11 285,11 294,11 381,11 600,12 000
565,Тетюши,Татарстан,10 991,11 136,11 250,11 337,11 410,11 449,11 419,11 525,11 632,11 579,11 596
566,Юрюзань,Челябинская область,10 908,11 178,11 415,11 685,11 908,12 088,12 159,12 291,12 434,12 540,12 571
567,Звенигово,Марий Эл,10 904,11 049,11 204,11 379,11 504,11 681,11 729,11 764,11 848,11 900,11 946
568,Болхов,Орловская область,10 884,11 037,11 097,11 154,11 087,11 201,11 392,11 462,11 411,11 400,11 421
569,Называевск,Омская область,10 865,10 936,11 101,11 249,11 332,11 382,11 471,11 481,11 513,11 597,11 615
570,Нариманов,Астраханская область,10 764,10 956,11 079,11 118,11 139,11 196,11 334,11 326,11 321,,11 521
571,Неман,Калининградская область,10 756,10 864,10 867,10 931,11 130,11 346,11 492,11 589,11 677,11 800,11 798
572,Карабаш,Челябинская область,10 756,10 854,10 999,11 178,11 336,11 593,11 900,12 255,12 741,13 059,13 152
573,Сосновка,Кировская область,10 743,10 823,11 027,11 254,11 420,11 628,11 821,11 845,11 856,12 000,11 960
574,Балей,Забайкальский край,10 732,10 879,11 151,11 370,11 587,11 696,11 835,12 051,12 208,12 500,12 533
575,Сураж,Брянская область,10 728,10 814,10 884,10 979,11 089,11 242,11 186,11 728,11 583,11 622,11 640
576,Южно-Сухокумск,Дагестан,10 666,10 641,10 611,10 543,10 388,10 359,10 186,10 113,10 117,,10 035
577,Кемь,Карелия,10 648,10 861,11 182,11 604,11 775,11 969,12 191,12 454,12 691,13 100,13 051
578,Верхний Тагил,Свердловская область,10 493,10 672,10 962,11 171,11 283,11 357,11 365,11 437,11 598,11 800,11 843
579,Сосенский,Калужская область,10 419,10 537,10 628,11 047,11 008,11 210,11 509,11 775,12 035,,12 392
580,Хилок,Забайкальский край,10 381,10 488,10 607,10 724,10 853,10 969,11 124,11 311,11 428,11 500,11 539
581,Высоковск,Московская область,10 362,10 394,10 586,10 671,10 690,10 676,10 659,10 535,10 561,10 600,10 635
582,Боровск,Калужская область,10 337,10 507,10 734,10 966,11 210,11 418,11 697,11 916,12 124,12 300,12 283
583,Кремёнки,Калужская область,10 278,10 416,10 587,10 692,10 774,10 854,10 958,11 172,11 351,11 600,11 582
584,Тюкалинск,Омская область,10 253,10 231,10 311,10 326,10 491,10 546,10 695,10 906,11 203,11 240,11 275
585,Ворсма,Нижегородская область,10 253,10 331,10 491,10 589,10 630,10 793,10 989,11 226,11 409,11 565,11 620
586,Малая Вишера,Новгородская область,10 253,10 371,10 602,11 015,11 297,11 601,11 789,11 998,12 140,12 500,12 461
587,Змеиногорск,Алтайский край,10 232,10 321,10 533,10 575,10 569,10 546,10 617,10 782,10 852,10 927,10 955
588,Завитинск,Амурская область,10 215,10 445,10 721,10 743,10 830,10 876,10 952,11 122,11 285,11 500,11 481
589,Заозёрный,Красноярский край,10 199,10 187,10 255,10 286,10 277,10 271,10 276,10 397,10 566,10 700,10 681
590,Белоусово,Калужская область,10 186,9 811,9 575,9 288,8 914,8 726,8 538,8 415,8 354,,8 412
591,Питкяранта,Карелия,10 184,10 307,10 479,10 589,10 705,10 751,10 945,11 089,11 245,11 400,11 429
592,Щёлкино,Крым[комм. 1],10 182,10 260,10 328,10 453,10 593,10 603,10 620,11 184,11 194,11 231,11 242
593,Зуевка,Кировская область,10 166,10 313,10 447,10 595,10 697,10 834,10 945,11 065,11 150,11 200,11 198
594,Вытегра,Вологодская область,10 123,10 273,10 324,10 232,10 192,10 274,10 308,10 346,10 427,10 500,10 491
595,Ермолино,Калужская область,10 120,10 204,10 089,10 158,10 263,10 329,10 442,10 483,10 509,10 400,10 409
596,Судогда,Владимирская область,10 113,10 298,10 442,10 527,10 673,10 794,11 023,11 276,11 559,11 784,11 848
597,Камбарка,Удмуртия,10 112,10 236,10 276,10 477,10 577,10 670,10 658,10 730,10 862,11 000,11 021
598,Белая Холуница,Кировская область,10 100,10 257,10 406,10 517,10 597,10 639,10 717,10 824,11 053,11 200,11 232
599,Дигора,Северная Осетия,10 089,10 072,10 075,10 135,10 134,10 273,10 355,10 462,10 674,10 850,10 856
600,Эртиль,Воронежская область,10 052,10 207,10 265,10 410,10 575,10 740,10 835,11 018,11 168,11 400,11 387
601,Петухово,Курганская область,10 041,10 014,10 175,10 304,10 372,10 537,10 628,10 902,11 124,11 290,11 292
602,Каргополь,Архангельская область,9 951,10 037,10 062,10 055,10 052,10 048,10 056,10 103,10 139,10 124,10 214
603,Володарск,Нижегородская область,9 898,9 907,9 972,10 021,10 084,10 102,10 074,10 023,9 977,9 930,9 928
604,Михайлов,Рязанская область,9 891,10 072,10 174,10 340,10 539,10 807,11 046,11 267,11 538,11 800,11 784
605,Луза,Кировская область,9 853,10 015,10 232,10 359,10 461,10 529,10 693,10 813,10 974,11 300,11 260
606,Невельск,Сахалинская область,9 815,9 996,10 421,10 681,10 589,10 603,10 722,10 965,11 228,11 598,11 682
607,Окуловка,Новгородская область,9 772,10 011,10 275,10 470,10 735,11 052,11 330,11 587,11 933,12 500,12 464
608,Уржум,Кировская область,9 755,9 834,9 919,9 981,9 975,10 052,10 080,10 105,10 189,10 200,10 213
609,Вуктыл,Коми,9 716,9 780,10 017,10 205,10 430,10 729,11 198,11 599,11 917,12 400,12 356
610,Нюрба,Якутия,9 694,9 708,9 786,9 850,9 918,9 908,9 952,9 915,9 976,,10 157
611,Тотьма,Вологодская область,9 690,9 721,9 805,9 895,9 950,9 915,9 862,9 860,9 872,9 800,9 776
612,Кола,Мурманская область,9 690,9 681,9 691,9 701,9 735,9 853,10 101,10 135,10 250,10 420,10 437
613,Заволжск,Ивановская область,9 637,9 836,10 121,10 384,10 664,10 952,11 239,11 561,11 757,12 000,12 045
614,Суздаль,Владимирская область,9 606,9 428,9 618,9 749,9 865,9 978,10 061,10 240,10 409,10 553,10 535
615,Нолинск,Кировская область,9 579,9 702,9 722,9 720,9 703,9 752,9 794,9 782,9 697,9 600,9 554
616,Микунь,Коми,9 558,9 683,9 796,9 837,9 919,10 088,10 179,10 287,10 414,10 700,10 730
617,Задонск,Липецкая область,9 527,9 579,9 614,9 641,9 631,9 601,9 565,9 585,9 592,9 713,9 698
618,Опочка,Псковская область,9 494,9 902,10 144,10 307,10 483,10 488,10 599,10 910,11 362,11 547,11 603
619,Ивангород,Ленинградская область,9 486,9 816,10 453,10 539,10 502,10 736,10 688,10 443,10 128,9 900,9 854
620,Щучье,Курганская область,9 476,9 626,9 711,9 775,10 018,10 310,10 577,10 743,10 793,10 956,10 973
621,Старый Крым,Крым[комм. 1],9 471,9 432,9 373,9 312,9 370,9 314,9 277,9 512,9 485,9 446,9 492
622,Рудня,Смоленская область,9 463,9 452,9 484,9 484,9 537,9 652,9 803,9 867,9 954,10 000,9 300
623,Покровск,Якутия,9 385,9 320,9 256,9 177,9 102,9 047,9 042,9 193,9 325,,9 495
624,Анива,Сахалинская область,9 378,9 405,9 445,9 430,9 396,9 288,9 239,9 170,9 148,9 123,9 115
625,Дорогобуж,Смоленская область,9 357,9 583,9 793,9 966,10 135,10 168,10 242,10 393,10 527,10 700,11 100
626,Чадан,Тыва,9 351,9 223,9 139,8 991,8 863,8 912,8 851,8 816,8 891,9 000,9 035
627,Печоры,Псковская область,9 333,9 670,9 871,10 034,10 142,10 205,10 337,10 589,11 000,11 164,11 195
628,Верхнеуральск,Челябинская область,9 282,9 276,9 340,9 312,9 321,9 279,9 342,9 408,9 398,9 454,9 457
629,Заозёрск,Мурманская область,9 246,9 656,9 915,10 019,9 872,9 864,9 860,10 375,10 767,11 217,11 199
630,Беломорск,Карелия,9 199,9 498,9 678,9 861,10 052,10 150,10 372,10 599,10 893,11 200,11 217
631,Таруса,Калужская область,9 181,9 070,9 101,9 302,9 267,9 353,9 441,9 551,9 560,9 627,9 660
632,Олёкминск,Якутия,9 164,9 257,9 213,9 202,9 192,9 178,9 206,9 338,9 383,9 500,9 494
633,Краснослободск,Мордовия,9 153,9 305,9 397,9 556,9 572,9 713,9 721,9 783,9 978,10 200,10 151
634,Кирс,Кировская область,9 152,9 271,9 453,9 589,9 639,9 756,9 930,10 080,10 263,10 400,10 420
635,Александровск-Сахалинский,Сахалинская область,9 125,9 346,9 504,9 586,9 697,9 720,9 737,9 984,10 327,10 543,10 613
636,Наволоки,Ивановская область,9 096,9 229,9 374,9 546,9 697,9 814,9 854,9 929,10 040,10 200,10 206
637,Каргат,Новосибирская область,9 029,9 163,9 370,9 519,9 584,9 656,9 720,9 807,9 984,10 000,10 042
638,Нижние Серги,Свердловская область,8 987,9 109,9 243,9 424,9 462,9 552,9 698,9 736,9 902,10 300,10 336
639,Верхняя Тура,Свердловская область,8 979,8 987,9 039,9 128,9 166,9 214,9 166,9 235,9 377,9 500,9 461
640,Сковородино,Амурская область,8 943,9 050,9 231,9 311,9 311,9 254,9 404,9 481,9 481,9 600,9 564
641,Миньяр,Челябинская область,8 870,9 017,9 128,9 342,9 459,9 652,9 766,9 940,10 037,10 141,10 194
642,Кувшиново,Тверская область,8 857,8 929,9 068,9 161,9 284,9 428,9 574,9 787,9 895,10 000,10 007
643,Болохово,Тульская область,8 828,8 970,9 043,9 093,9 133,9 144,9 160,9 196,9 443,9 600,9 622
644,Михайловск,Свердловская область,8 779,8 776,8 921,9 088,9 191,9 306,9 387,9 436,9 555,9 900,9 852
645,Харовск,Вологодская область,8 776,8 897,9 099,9 185,9 292,9 422,9 506,9 617,9 843,10 100,9 998
646,Лаишево,Татарстан,8 773,8 647,8 604,8 518,8 361,8 228,8 161,7 981,7 805,7 738,7 735
647,Ельня,Смоленская область,8 743,8 832,8 993,9 168,9 324,9 463,9 573,9 783,10 025,10 100,9 900
648,Углегорск,Сахалинская область,8 710,8 687,8 860,9 070,9 198,9 395,9 597,9 871,10 116,10 400,10 381
649,Перевоз,Нижегородская область,8 710,8 740,8 763,8 928,9 041,8 902,8 949,8 918,9 018,9 182,9 201
650,Суоярви,Карелия,8 678,8 781,8 920,9 053,9 076,9 126,9 270,9 383,9 531,9 800,9 766
651,Теберда,Карачаево-Черкесия,8 648,8 644,8 670,8 680,8 709,8 739,8 776,8 825,8 901,9 100,9 058
652,Серафимович,Волгоградская область,8 646,8 749,8 914,8 987,9 052,9 106,9 174,9 305,9 311,9 400,9 368
653,Пудож,Карелия,8 606,8 718,8 897,9 044,9 153,9 183,9 269,9 408,9 536,9 700,9 698
654,Козловка,Чувашия,8 594,8 680,8 866,9 058,9 195,9 335,9 449,9 723,9 977,10 400,10 359
655,Белозерск,Вологодская область,8 580,8 667,8 786,8 914,9 054,9 172,9 380,9 481,9 544,9 567,9 532
656,Нея,Костромская область,8 573,8 720,8 865,8 964,9 001,9 132,9 242,9 377,9 587,9 800,9 827
657,Городовиковск,Калмыкия,8 571,8 678,8 768,8 798,8 799,8 899,9 010,9 139,9 327,9 600,9 565
658,Верхотурье,Свердловская область,8 563,8 593,8 612,8 651,8 678,8 748,8 771,8 776,8 809,8 800,8 820
659,Сольцы,Новгородская область,8 535,8 675,8 803,8 995,9 099,9 221,9 267,9 393,9 563,10 100,10 086
660,Волчанск,Свердловская область,8 525,8 562,8 722,8 885,9 130,9 376,9 534,9 643,9 803,10 000,10 010
661,Мариинский Посад,Чувашия,8 455,8 550,8 702,8 755,8 754,8 772,8 778,8 892,9 019,9 100,9 088
662,Устюжна,Вологодская область,8 443,8 510,8 622,8 712,8 804,8 859,8 942,9 089,9 306,9 501,8 343
663,Бирюсинск,Иркутская область,8 416,8 430,8 497,8 477,8 484,8 545,8 602,8 701,8 815,8 946,8 981
664,Облучье,Еврейская автономная область,8 365,8 393,8 540,8 742,8 792,8 811,8 851,8 910,9 033,9 303,9 379
665,Порхов,Псковская область,8 347,8 535,8 743,8 926,9 172,9 336,9 588,9 898,10 278,10 572,10 608
666,Сычёвка,Смоленская область,8 339,8 269,8 220,8 228,8 266,8 246,8 212,7 787,7 925,8 100,7 500
667,Ветлуга,Нижегородская область,8 336,8 459,8 455,8 501,8 470,8 503,8 555,8 730,8 800,8 959,8 954
668,Ардатов,Мордовия,8 294,8 630,8 584,8 734,8 799,8 888,8 976,9 126,9 324,9 400,9 400
669,Починок,Смоленская область,8 269,8 332,8 545,8 688,8 641,8 684,8 675,8 697,8 699,8 800,9 000
670,Медынь,Калужская область,8 239,8 133,8 109,8 032,7 849,7 713,7 830,7 913,8 136,8 277,8 300
671,Болгар,Татарстан,8 230,8 381,8 476,8 571,8 563,8 542,8 606,8 608,8 615,8 638,8 650
672,Гремячинск,Пермский край,8 170,8 454,8 732,9 000,9 208,9 430,9 599,9 863,10 257,10 800,10 752
673,Ядрин,Чувашия,8 170,8 252,8 387,8 451,8 585,8 691,8 766,8 983,9 220,9 600,9 614
674,Липки,Тульская область,8 122,8 230,8 541,8 976,9 048,9 011,8 950,8 874,8 759,8 700,8 719
675,Костерёво,Владимирская область,8 076,8 070,8 216,8 340,8 460,8 641,8 734,8 867,8 993,9 112,9 073
676,Алупка,Крым[комм. 1],8 075,8 067,7 990,8 017,7 948,7 849,7 771,8 520,8 497,8 493,8 425
677,Олонец,Карелия,8 026,8 070,8 091,8 130,8 162,8 249,8 402,8 645,8 818,9 100,9 056
678,Комсомольск,Ивановская область,8 023,8 058,8 189,8 366,8 466,8 561,8 631,8 725,8 679,8 700,8 693
679,Мамоново,Калининградская область,8 014,7 988,7 953,8 056,8 084,8 075,8 105,8 028,8 055,7 800,7 761
680,Новая Ладога,Ленинградская область,7 958,8 027,8 203,8 413,8 483,8 585,8 800,8 725,8 767,8 800,8 838
681,Юрьевец,Ивановская область,7 945,8 154,8 281,8 378,8 536,8 784,9 092,9 404,9 746,10 200,10 210
682,Никольск,Вологодская область,7 908,7 965,7 996,8 026,7 976,7 989,8 063,8 223,8 403,8 500,8 476
683,Западная Двина,Тверская область,7 783,7 909,8 089,8 249,8 347,8 467,8 630,8 841,9 045,9 400,9 378
684,Макушино,Курганская область,7 749,7 779,7 811,7 810,7 887,7 896,7 984,8 161,8 229,8 335,8 338
685,Городище,Пензенская область,7 709,7 838,7 885,7 951,7 966,8 027,8 114,8 183,8 143,8 100,8 096
686,Инсар,Мордовия,7 665,7 830,8 010,8 169,8 331,8 431,8 555,8 587,8 632,8 700,8 687
687,Белинский,Пензенская область,7 522,7 592,7 694,7 843,7 971,8 151,8 323,8 413,8 492,8 521,8 565
688,Кириллов,Вологодская область,7 491,7 484,7 468,7 482,7 433,7 439,7 515,7 562,7 632,7 700,7 710
689,Бирюч,Белгородская область,7 484,7 276,7 231,7 205,7 248,7 269,7 317,7 463,7 708,7 800,7 846
690,Дно,Псковская область,7 381,7 525,7 683,7 855,7 982,8 089,8 292,8 475,8 736,9 025,9 061
691,Старица,Тверская область,7 367,7 515,7 676,7 872,8 011,8 116,8 265,8 367,8 506,8 600,8 607
692,Советск,Тульская область,7 337,7 358,7 405,7 440,7 360,7 347,7 363,7 452,7 442,7 500,7 536
693,Салаир,Кемеровская область,7 281,7 327,7 452,7 589,7 724,7 864,7 985,8 115,8 252,8 290,8 262
694,Циолковский,Амурская область,7 188,6 785,6 535,6 526,6 328,6 208,6 102,5 920,,,5 892
695,Малмыж,Кировская область,7 186,7 321,7 422,7 531,7 591,7 535,7 645,7 872,8 099,8 300,8 265
696,Мглин,Брянская область,7 145,7 258,7 578,7 884,8 161,8 052,7 877,7 785,7 866,7 887,7 916
697,Лахденпохья,Карелия,7 050,7 158,7 294,7 449,7 493,7 512,7 539,7 667,7 716,7 800,7 813
698,Спасск,Пензенская область,7 016,7 085,7 106,7 178,7 175,7 232,7 209,7 270,7 347,7 410,7 442
699,Новосокольники,Псковская область,7 003,7 105,7 219,7 378,7 468,7 557,7 692,7 833,7 936,8 089,8 119
700,Оханск,Пермский край,6 980,7 064,7 087,7 072,7 098,7 096,7 129,7 205,7 301,7 300,7 250
701,Полесск,Калининградская область,6 887,6 954,7 011,7 041,7 033,7 115,7 291,7 434,7 541,7 600,7 581
702,Томмот,Якутия,6 834,6 790,6 935,7 046,7 194,7 327,7 508,7 666,7 858,8 100,8 057
703,Андреаполь,Тверская область,6 801,6 955,7 079,7 259,7 380,7 397,7 528,7 669,7 876,8 300,8 286
704,Велиж,Смоленская область,6 636,6 715,6 788,7 016,7 068,7 078,7 188,7 266,7 456,7 600,
705,Севск,Брянская область,6 563,6 616,6 663,6 723,6 752,6 847,6 931,7 094,7 124,7 300,7 282
706,Спасск-Рязанский,Рязанская область,6 558,6 544,6 553,6 555,6 613,6 776,6 971,7 229,7 487,7 700,7 745
707,Княгинино,Нижегородская область,6 536,6 629,6 804,7 062,7 092,7 052,6 952,6 999,6 981,6 682,6 708
708,Грайворон,Белгородская область,6 496,6 431,6 449,6 404,6 506,6 481,6 413,6 361,6 326,6 200,6 234
709,Орлов,Кировская область,6 433,6 557,6 607,6 709,6 834,6 910,6 990,6 976,6 968,7 000,6 959
710,Сретенск,Забайкальский край,6 433,6 524,6 581,6 643,6 621,6 608,6 609,6 678,6 737,6 900,6 850
711,Макарьев,Костромская область,6 390,6 485,6 579,6 632,6 695,6 795,6 928,7 025,7 211,7 300,7 274
712,Багратионовск,Калининградская область,6 388,6 304,6 482,6 409,6 317,6 197,6 229,6 292,6 462,6 400,6 400
713,Макаров,Сахалинская область,6 324,6 393,6 567,6 717,6 753,6 681,6 525,6 590,6 657,6 663,6 705
714,Каменногорск,Ленинградская область,6 301,6 445,6 595,6 696,6 732,6 781,6 761,6 699,6 739,6 700,6 739
715,Усолье,Пермский край,6 267,6 368,6 323,6 236,6 110,5 979,5 814,5 738,5 705,5 700,5 694
716,Дмитриев,Курская область,6 266,6 360,6 430,6 619,6 761,6 845,7 062,7 220,7 401,7 700,7 728
717,Пучеж,Ивановская область,6 255,6 477,6 813,7 078,7 284,7 463,7 624,7 868,8 159,8 600,8 588
718,Сенгилей,Ульяновская область,6 221,6 317,6 405,6 568,6 622,6 702,6 783,6 861,6 871,7 000,6 958
719,Зубцов,Тверская область,6 155,6 229,6 300,6 373,6 380,6 456,6 590,6 697,6 804,6 900,6 927
720,Фатеж,Курская область,6 102,6 044,5 951,5 999,5 994,5 922,5 846,5 773,5 332,5 400,5 404
721,Демидов,Смоленская область,6 055,6 104,6 213,6 289,6 460,6 585,6 726,6 868,7 079,7 300,7 800
722,Весьегонск,Тверская область,6 016,6 067,6 219,6 280,6 340,6 455,6 625,6 868,7 066,7 300,7 329
723,Мураши,Кировская область,5 924,6 082,6 218,6 322,6 384,6 491,6 574,6 596,6 634,6 800,6 750
724,Солигалич,Костромская область,5 918,5 940,5 998,5 976,6 023,6 012,6 129,6 144,6 272,6 400,6 438
725,Сурск,Пензенская область,5 890,6 039,6 254,6 393,6 515,6 674,6 792,6 974,7 080,7 000,7 034
726,Красавино,Вологодская область,5 859,5 987,6 021,6 084,6 194,6 301,6 431,6 616,6 783,7 000,7 004
727,Новохопёрск,Воронежская область,5 855,6 013,6 108,6 188,6 247,6 380,6 472,6 574,6 709,6 800,6 849
728,Юхнов,Калужская область,5 838,5 901,5 985,6 079,6 153,6 292,6 462,6 726,6 854,7 008,7 056
729,Шацк,Рязанская область,5 819,5 894,5 935,6 029,6 120,6 262,6 307,6 404,6 440,6 600,6 561
730,Темников,Мордовия,5 778,5 979,6 179,6 291,6 376,6 489,6 689,6 860,6 975,7 200,7 243
731,Короча,Белгородская область,5 768,5 843,5 853,5 888,5 890,5 903,5 855,5 832,5 854,5 900,5 877
732,Алзамай,Иркутская область,5 749,5 811,5 908,6 040,6 136,6 189,6 313,6 451,6 620,6 705,6 730
733,Курлово,Владимирская область,5 747,5 859,5 992,6 141,6 253,6 348,6 378,6 516,6 643,6 775,6 764
734,Пошехонье,Ярославская область,5 650,5 747,5 821,5 867,5 864,5 868,5 905,5 963,5 995,6 073,6 084
735,Суджа,Курская область,5 646,5 657,5 759,5 738,5 648,5 684,5 722,5 762,5 852,6 000,6 036
736,Приморск,Ленинградская область,5 566,5 623,5 682,5 739,5 791,5 791,5 782,5 892,6 009,6 100,6 119
737,Гаврилов Посад,Ивановская область,5 560,5 582,5 657,5 715,5 832,5 939,6 050,6 177,6 280,6 400,6 434
738,Билибино,Чукотский автономный округ,5 516,5 319,5 292,5 348,5 453,5 592,5 588,5 451,5 486,5 494,5 506
739,Мышкин,Ярославская область,5 488,5 593,5 647,5 738,5 775,5 866,5 946,5 987,5 983,5 933,5 932
740,Шиханы,Саратовская область,5 414,5 498,5 560,5 665,5 738,5 834,5 777,5 842,5 918,6 100,6 067
741,Жиздра,Калужская область,5 399,5 431,5 461,5 489,5 506,5 509,5 433,5 490,5 521,5 566,5 585
742,Пыталово,Псковская область,5 354,5 350,5 348,5 335,5 406,5 424,5 447,5 574,5 687,5 819,5 826
743,Злынка,Брянская область,5 340,5 335,5 369,5 460,5 547,5 526,5 490,5 477,5 513,5 500,5 507
744,Себеж,Псковская область,5 301,5 339,5 401,5 452,5 449,5 480,5 660,5 869,6 100,6 342,6 375
745,Спас-Клепики,Рязанская область,5 157,5 243,5 331,5 411,5 490,5 610,5 666,5 788,5 846,5 900,5 916
746,Верея,Московская область,5 088,5 045,5 090,5 123,5 215,5 282,5 297,5 315,5 342,5 400,5 368
747,Любим,Ярославская область,5 039,5 068,5 076,5 125,5 137,5 150,5 177,5 328,5 341,5 500,5 555
748,Красный Холм,Тверская область,4 983,5 081,5 140,5 234,5 243,5 320,5 367,5 430,5 506,5 600,5 608
749,Дмитровск,Орловская область,4 967,5 000,5 105,5 181,5 252,5 332,5 424,5 480,5 537,5 600,5 648
750,Чухлома,Костромская область,4 936,4 998,5 015,5 054,5 046,5 102,5 145,5 258,5 337,5 400,5 411
751,Туран,Тыва,4 903,4 881,4 879,4 922,4 898,4 874,4 873,4 951,4 911,4 968,4 981
752,Шенкурск,Архангельская область,4 666,4 687,4 772,4 847,4 911,5 073,5 161,5 323,5 548,5 692,5 702
753,Чердынь,Пермский край,4 618,4 634,4 677,4 687,4 686,4 674,4 644,4 673,4 756,4 900,4 920
754,Певек,Чукотский автономный округ,4 494,4 053,4 329,4 547,4 743,4 721,4 718,4 969,4 774,4 200,4 162
755,Кадников,Вологодская область,4 478,4 508,4 531,4 588,4 615,4 642,4 723,4 764,4 771,4 800,4 614
756,Бабушкин,Бурятия,4 454,4 489,4 513,4 542,4 623,4 651,4 712,4 746,4 822,4 827,4 831
757,Любань,Ленинградская область,4 444,4 527,4 566,4 610,4 610,4 615,4 594,4 474,4 377,4 200,4 188
758,Сусуман,Магаданская область,4 355,4 588,4 760,4 899,4 903,5 010,5 157,5 313,5 560,,5 855
759,Игарка,Красноярский край,4 319,4 417,4 544,4 754,4 975,5 117,5 346,5 648,5 924,5 924,6 183
760,Спас-Деменск,Калужская область,4 283,4 265,4 342,4 357,4 342,4 377,4 534,4 691,4 785,4 868,4 896
761,Мосальск,Калужская область,4 166,4 190,4 202,4 161,4 084,4 165,4 239,4 299,4 263,4 264,4 288
762,Правдинск,Калининградская область,4 025,4 099,4 144,4 171,4 212,4 241,4 288,4 318,4 314,4 300,4 323
763,Славск,Калининградская область,3 984,4 019,4 074,4 145,4 269,4 330,4 408,4 503,4 575,4 600,4 614
764,Нестеров,Калининградская область,3 933,3 978,4 001,4 086,4 225,4 333,4 383,4 436,4 514,4 600,4 595
765,Духовщина,Смоленская область,3 909,4 037,4 103,4 184,4 171,4 125,4 117,4 100,4 225,4 400,4 100
766,Ладушкин,Калининградская область,3 886,3 879,3 937,4 007,4 025,4 068,3 952,3 884,3 873,3 800,3 787
767,Пустошка,Псковская область,3 862,3 977,4 017,4 083,4 186,4 271,4 295,4 385,4 493,4 603,4 619
768,Озёрск,Калининградская область,3 821,3 837,3 935,4 108,4 255,4 357,4 433,4 542,4 642,4 700,4 740
769,Мещовск,Калужская область,3 780,3 845,3 837,4 037,4 036,3 961,4 036,4 109,4 101,4 090,4 100
770,Томари,Сахалинская область,3 771,3 761,3 810,3 774,3 858,3 955,4 033,4 177,4 354,4 505,4 541
771,Среднеколымск,Якутия,3 477,3 471,3 489,3 488,3 490,3 502,3 484,3 544,3 505,3 500,3 525
772,Холм,Новгородская область,3 359,3 392,3 422,3 445,3 493,3 552,3 633,3 704,3 829,3 800,3 830
773,Чёрмоз,Пермский край,3 268,3 381,3 457,3 519,3 566,3 597,3 627,3 709,3 763,3 900,3 861
774,Гдов,Псковская область,3 257,3 412,3 460,3 542,3 600,3 743,3 832,3 971,4 118,4 331,4 379
775,Мезень,Архангельская область,3 212,3 248,3 267,3 287,3 325,3 352,3 353,3 419,3 490,3 599,3 575
776,Малоархангельск,Орловская область,3 182,3 216,3 276,3 293,3 300,3 359,3 462,3 520,3 565,3 600,3 620
777,Новосиль,Орловская область,3 109,3 128,3 175,3 216,3 267,3 346,3 447,3 471,3 598,3 700,3 658
778,Новоржев,Псковская область,3 107,3 194,3 252,3 296,3 358,3 403,3 477,3 544,3 618,3 678,3 695
779,Белый,Тверская область,3 090,3 154,3 197,3 268,3 311,3 393,3 432,3 558,3 655,3 800,3 772
780,Краснознаменск,Калининградская область,3 088,3 154,3 188,3 237,3 282,3 324,3 362,3 410,3 494,3 500,3 522
781,Кологрив,Костромская область,2 882,2 935,2 955,3 032,3 067,3 080,3 147,3 240,3 286,3 300,3 314
782,Северо-Курильск,Сахалинская область,2 592,2 485,2 507,2 587,2 501,2 448,2 487,2 560,2 634,2 531,2 536
783,Приморск,Калининградская область,1 929,1 961,1 971,1 960,1 929,1 943,1 945,1 923,1 950,2 000,1 956
784,Кедровый,Томская область,1 884,1 940,2 024,2 041,2 049,2 129,2 187,2 194,2 290,2 500,2 451
785,Сольвычегодск,Архангельская область,1 875,1 949,2 032,2 098,2 148,2 217,2 261,2 350,2 398,2 448,2 460
786,Горбатов,Нижегородская область,1 844,1 896,1 934,1 982,2 004,2 049,2 123,2 176,2 240,2 267,2 278
787,Плёс,Ивановская область,1 732,1 751,1 766,1 796,1 893,1 984,2 089,2 196,2 248,2 300,2 340
788,Островной,Мурманская область,1 669,1 784,1 847,1 876,1 960,2 065,2 038,2 073,2 075,2 194,2 171
789,Артёмовск,Красноярский край,1 562,1 640,1 688,1 705,1 777,1 837,1 896,1 970,2 051,2 200,2 179
790,Курильск,Сахалинская область,1 519,1 591,1 607,1 547,1 646,1 670,1 757,1 890,1 961,2 062,2 070
791,Высоцк,Ленинградская область,1 089,1 094,1 115,1 120,1 131,1 152,1 155,1 183,1 214,1 238,1 244
792,Верхоянск,Якутия,1 073,1 095,1 122,1 131,1 125,1 150,1 173,1 212,1 245,1 300,1 311
793,Чекалин,Тульская область,863,888,914,941,965,964,975,985,979,1 000,994